a,Estimated Internet users per 100 inhabitants,c,d,e,f,g,h,i,j,k,l,Metadata for estimated Internet users per 100 inhabitants,n,o,p,q,r,s,t,u,v,w,x,y,z,aa,bb,cc,dd,ee,ff
Country,2000.0,2001.0,2002.0,2003.0,2004.0,2005.0,2006.0,2007.0,2008.0,2009.0,,2000 Notes,2000 Source,2001 Notes,2001 Source,2002 Notes,2002 Source,2003 Notes,2003 Source,2004 Notes,2004 Source,2005 Notes,2005 Source,2006 Notes,2006 Source,2007 Notes,2007 Source,2008 Notes,2008 Source,2009 Notes,2009 Source
Afghanistan,,0.00472256824217368,0.00456139517022146,0.0878912528559713,0.105809030021958,1.22414808372471,2.10712364546412,1.9,1.84,3.55,,,,,ITU estimate.,,Ministry of Communications.,,Ministry of Communications.,,Ministry of Communications.,,Ministry of Communications.,,Ministry of Communications.,,Ministry of Communications & Information Technology,,Ministry of Communications & Information Technology,,Ministry of Communications & Information Technology
Albania,0.114097346552109,0.325798377067964,0.39008127343332,0.971900415195857,2.42038779776014,6.04389086404814,9.60999131577118,15.0361154084109,23.8603425518032,41.2008984331298,,,Albanian Telecom Enterprise.,,Albanian Telecom Enterprise.,,Albanian Telecom Enterprise.,,Ministry of Transport and Telecommunications.,,Ministry of Transport and Telecommunications.,,Ministry of Transport and Telecommunications.,,ITU estimate. ,,ITU estimate.,,Ministry of Public Works Transport and Telcommunication estimate. ,,Ministry of Public Works Transport and Telcommunication estimate. 
Algeria,0.491705679141589,0.646114016703792,1.59164126035832,2.19535973086144,4.63447508776537,5.84394209201256,7.37598495634886,9.45119062555304,10.1822844193651,13.4687969527277,,,,,,,,,,,,,,,Autorité de Régulation de la Poste et des Télecommunications (ARPT).,,Autorité de Régulation de la Poste et des Télecommunications (ARPT).,,Autorité de Régulation de la Poste et des Télecommunications (ARPT).,,WebDialn@ survey carried out by Med& Com.
American Samoa,,,,,,,,,,,,,,,,,,,,,,,,,,,,,,,
Andorra,10.53883560922,,11.2604687170103,13.546412876439,26.8379543894637,37.6057662174867,48.9368469989479,70.87,70.04,78.53,,,Servei de Telecomunicacions d'Andorra (STA).,,,,Servei de Telecomunicacions d'Andorra (STA).,,Servei de Telecomunicacions d'Andorra (STA).,,Servei de Telecomunicacions d'Andorra (STA).,,Servei de Telecomunicacions d'Andorra (STA).,,Servei de Telecomunicacions d'Andorra (STA).,,Andorra Telecom,,Andorra Telecom,,Andorra Telecom
Angola,0.105045562462262,0.136013867429868,0.270376745595134,0.370682065225727,0.464814617985909,1.1433668265595,1.90764750723428,2.84,3.05,3.28,,,,,,,,,,,,,,,,,Angolan Institut of Communications,,Angolan Institut of Communications,,Angolan Institut of Communications
Anguilla,22.4054490051981,25.8843830888697,24.8036378668871,24.5233763151649,25.0436366395993,27.4363476733977,28.3667824976952,22.7806157669474,24.6291801510248,24.4143846915209,,,,,,,,,,,,,,,"Ministry of Infrastructure, Communication & Utilities",,"Ministry of Infrastructure, Communication & Utilities",,"Ministry of Infrastructure, Communication & Utilities",,
Antigua & Barbuda,6.48222573702907,8.89928551450583,12.5,17.2286487816884,24.2665437161785,34.7164029018124,62.6388691911313,70.06,75.03,74.2,,,Cable and Wireless (W.I.) Ltd. (C&W). A.P.U.A. Telephones. Digicel.,,ITU estimate.,,Cable and Wireless (W.I.) Ltd. (C&W). A.P.U.A. Telephones. Digicel.,,ITU estimate.,,Cable and Wireless (W.I.) Ltd. (C&W). A.P.U.A. Telephones. Digicel.,,Cable and Wireless (W.I.) Ltd. (C&W). A.P.U.A. Telephones. Digicel.,,Cable and Wireless (W.I.) Ltd. (C&W). A.P.U.A. Telephones. Digicel.,,"Ministry of Information, Broadcasting and Telecommunications",,Cable and Wireless (W.I.) Ltd. (C&W). A.P.U.A. Telephones. Digicel.,Decrease due to economic down turn.,Cable and Wireless (W.I.) Ltd. (C&W). A.P.U.A. Telephones. Digicel.
Argentina,7.0386830862178,9.78080728532407,10.8821243775325,11.9136965509954,16.0366841054923,17.7205833696065,20.9272021035896,25.9466329403819,28.1126234799907,34.0,,,SECOM.,,SECOM.,,SECOM.,,SECOM.,,SECOM.,,SECOM.,,SECOM.,,SECOM.,,SECOM.,,Comisión Nacional de Comunicaciones
Armenia,1.30047002237784,1.63109466677715,1.9604050458212,4.57521722477781,4.8990085713054,5.25298335195804,5.63178777731609,6.02125339712607,6.20716931305485,6.75326983789233,,,,,,,,,,,,,,,,,ITU estimate.,,Based on RCC data.,,ITU estimate.
Aruba,15.4428229480349,25.879079998706,25.2868476783513,24.7188233840069,24.202331491267,23.7539094976048,23.3694911293307,23.0379358009522,22.758522592575,22.530345559175,,,Servicio di Telecomunicacion di Aruba (SETAR).,,Servicio di Telecomunicacion di Aruba (SETAR).,,ITU estimate.,,ITU estimate.,,ITU estimate.,,ITU estimate.,,Servicio di Telecomunicacion di Aruba (SETAR).,,Servicio di Telecomunicacion di Aruba (SETAR).,,ITU estimate.,,ITU estimate.
Australia,46.7561156116738,52.6892664310395,57.5842677190676,59.470775131783,61.3529512553858,63.0,66.0,69.45,71.67,74.25,,,ABS Household Use of Information Technology Survey.,,ITU estimate.,,,,,,,Population age 15+.,Australian Bureau of Statistics.,Population age 15+.,Australian Bureau of Statistics. ,Population age 15+.,Australian Bureau of Statistics.,Population age 15+.,Australian Bureau of Statistics.,Population age 15+.,Australian Bureau of Statistics.
Austria,33.7301329516915,39.1854501811114,36.56,42.7,54.28,58.0,63.6,69.37,72.87,73.45,,"Regular users of the Internet, Population age 14+.",Austria Internet Monitor.,"Regular users of the Internet, Population age 14+.",Austria Internet Monitor.,Population age 16-74 using Internet in the last 3 months.,Eurostat.,Population age 16-74.,Eurostat.,Population age 16-74.,Eurostat.,Population age 16-74.,Eurostat.,Population age 16-74.,Eurostat.,Population age 16-74.,Eurostat.,Population age 16-74.,Eurostat.,Population age 16-74.,Eurostat.
Azerbaijan,0.147757575623251,0.305564637615618,4.99971367812957,,,8.03037535616454,11.9921773343674,14.54,17.08,27.4,,,,,,,,,,,,,,,,,ITU estimate.,Population age 7+.,State Statistical Committee,Population age 7+.,State Statistical Committee
Bahamas,8.0,11.8,18.0,20.0,22.0,25.0,26.0,27.0,31.54,33.88,,Estimated based on 3 times the number of subscribers.,ITU estimate.,Estimated based on 3 times the number of subscribers.,ITU estimate.,Estimated based on 3 times the number of subscribers.,ITU estimate.,Estimated based on 3 times the number of subscribers.,ITU estimate.,Estimated based on 3 times the number of subscribers.,ITU estimate.,Estimated based on 3 times the number of subscribers.,ITU estimate.,Estimated based on 3 times the number of subscribers.,ITU estimate.,Estimated based on 3 times the number of subscribers.,ITU estimate.,Estimated based on 3 times the number of subscribers.,BAHAMAS TELECOMMUNICATIONS COMPANY LTD.,Estimated based on 3 times the number of subscribers.,BAHAMAS TELECOMMUNICATIONS COMPANY LTD.
Bahrain,6.15373254647607,15.0386342513918,18.0507208881153,21.5549449917804,21.4586805077435,21.3037335136591,28.2439524318043,32.91,51.95,53.0,,,,,,,,,,,,,,,,,Telecommunications Regulatory Authority (TRA),,Telecommunications Regulatory Authority (TRA),,Telecommunications Regulatory Authority (TRA)
Bangladesh,0.0710394230507683,0.129807973947512,0.13992028850905,0.163877665498048,0.199036333744363,0.24163732563671,0.289457772327452,0.316952163652392,0.347499722000222,0.380530822558952,,,,,,,,,,,,,,,,,ITU estimate.,,ITU estimate.,,ITU estimate.
Barbados,3.97367835457927,11.9364503383984,27.836322424146,39.6896271159532,49.8,56.0708546066945,,,,,,,Cable and Wireless (Barbados) Limited.,,ITU estimate.,,ITU estimate.,,Ministry of Energy and Public Utilities.,,National Council for Science and Technology (NCST).,,ITU estimate.,,,,,,,,
Belarus,1.86039812615388,4.30061602151712,8.95097131467325,16.2168500451374,24.9526060344294,26.4864123685841,,,,27.43,,,Beltelecom.,,Beltelecom.,,Beltelecom.,,Ministry of Communications and Informatization.,,Ministry of Communications and Informatization.,,Ministry of Communications and Informatization.,,,,,,,Population age 16+.,National Statistical Committee.
Belgium,29.4316916924341,31.2883955056566,46.33,49.97,53.86,59.81,64.18,69.27,71.25,76.2,,,Institut belge des services postaux et des télécommunications (IBPT).,,Institut belge des services postaux et des télécommunications (IBPT).,,Institut belge des services postaux et des télécommunications ,,Institut belge des services postaux et des télécommunications ,,Institut belge des services postaux et des télécommunications ,Population age 16-74.,Eurostat,Population age 16-74.,Eurostat,Population age 16-74.,Eurostat,Population age 16-74.,Eurostat,Population age 16-74.,Eurostat.
Belize,5.96383530272428,,5.68425121358763,,5.7936168825996,9.21028860085089,10.4016781374062,10.86,11.31,11.73,,,Belize Telecommunications Ltd (BTL).,,,,ITU estimate.,,,,Belize Telecommunications Ltd (BTL).,,Belize Telecommunications Ltd (BTL).,,Belize Telecommunications Ltd (BTL).,,Belize Telemedia Limited,,Belize Telemedia Limited,,Belize Telemedia Limited
Benin,0.225247851473369,0.363417890016082,0.7029455951039,0.951327114915695,1.18254096518994,1.27103143947107,1.53785434624704,1.79,1.85,2.24,,,,,,,,,,,,,,,,,Autorité Transitoire de Régulation des Postes et Télécommunications,,Autorité Transitoire de Régulation des Postes et Télécommunications,,Autorité Transitoire de Régulation des Postes et Télécommunications
Bermuda,42.9498600152711,47.5096998970623,52.0315973700393,56.5220121836337,60.9908670086326,65.4470657898838,69.8996551617012,74.3505940302669,82.3,83.25,,,,,,,,,,,,,,,,,,Population age 18+.,Bermuda Government Department of Statistics.,,
Bhutan,0.40094444691941,0.864628564215099,1.67580258375242,2.43691239949767,3.15698419613711,3.84710674490143,4.5183172581646,5.92,6.55,7.17,,,,,,,,,,,,,,,,,Bhutan InfoComm and Media Authority,,Bhutan InfoComm and Media Authority,,Bhutan InfoComm and Media Authority
Bolivia,1.4427635847914,2.1204625341365,3.11719294696997,3.50859640072336,4.43992460120042,5.22758395663196,6.20067125473576,10.4992443168903,10.831315871808,11.1782991951625,,,SITTEL. ITU estimate.,,SITTEL. ITU estimate.,,SITTEL. ITU estimate.,,Superintendencia de Telecomunicaciones.,,Superintendencia de Telecomunicaciones.,,Superintendencia de Telecomunicaciones.,,Superintendencia de Telecomunicaciones.,,ITU estimate.,,ITU estimate.,,ITU estimate.
Bosnia and Herzegovina,1.08296074971207,1.20052695129649,2.64826791361244,3.96503683387051,15.4689716227665,21.3267010007738,25.1223856852117,27.92,34.66,37.74,,,Public Enterprise PTT Bosnia and Herzegovina (PTT BIH).,,Public Enterprise PTT Bosnia and Herzegovina (PTT BIH).,,Communications Regulatory Agency B & H.,,ITU estimate.,,Communications Regulatory Agency B & H.,,Communications Regulatory Agency B & H.,,Communications Regulatory Agency B & H.,,Communication Regulatory Agency,,Communication Regulatory Agency,,Communication Regulatory Agency
Botswana,2.90266662177209,3.43088678702599,3.38592235064273,3.3451901740614,3.30488925316113,3.26255403605122,4.28993297515968,5.28,6.25,6.15,,,Botswana Telecommunication Corporation.,,Botswana Telecommunication Corporation.,,Botswana Telecommunication Corporation.,,Botswana Telecommunications Authority (BTA).,,Botswana Telecommunications Authority (BTA).,,ITU estimate.,,Botswana Telecommunications Authority (BTA).,,BOTSWANA TELECOMMUNICATIONS AUTHORITY,,BOTSWANA TELECOMMUNICATIONS AUTHORITY,,Estimate from BOTSWANA TELECOMMUNICATIONS AUTHORITY
Brazil,2.87068515854108,4.52849486902851,9.14942508560748,13.2075861035303,19.073672274442,21.022747248827,28.1783801797929,30.88,33.83,39.22,,,,,,,,,,,,Population age 10+.,IBGE.,Population age 10+. Estimated based on urban/rural distribution of Internet users in 2008 (as 2006 Survey collected only urban data).,ITU estimate based on Brazilian Internet Steering Committee.,Population age 10+. Estimated based on urban/rural distribution of Internet users in 2008 (as 2006 Survey collected only urban data).,ITU estimate based on Brazilian Internet Steering Committee.,Population age 10+ using internet in the last 3 months.,Brazilian Internet Steering Committee.,Population age 10+ using internet in the last 3 months.,Brazilian Internet Steering Committee.
British Virgin Islands,,,18.8857412653447,,,,,,,,,,,,,,,,,,,,,,,,,,,,
Brunei Darussalam,8.99628453448726,12.9177690823013,15.329879855735,19.5950032207342,29.7156041447864,36.4663919475782,42.1863491609307,44.68,67.07,78.78,,,Jabatan Telekom Brunei (JTB). Ministry of Communications.,,Jabatan Telekom Brunei (JTB). Ministry of Communications.,,AiTi.,,AiTi.,,AiTi.,,AiTi.,,AiTi.,,Authority for Info-communications Technology Industry of Brunei Darussalam (AITI),,Authority for Info-communications Technology Industry of Brunei Darussalam (AITI),,Authority for Info-communications Technology Industry of Brunei Darussalam (AITI)
Bulgaria,5.37092346908696,7.6122977487982,9.08,12.04,18.13,19.97,27.09,33.64,39.67,45.0,,,Bulgarian Telecommunications Company Ltd.,,Bulgarian Telecommunications Company Ltd.,,Communications Regulation Commission. Communications Regulation Commission. Communications Regulation Commission. Communications Regulation Commission. Communications Regulation Commission. Communications Regulation Commission. Communications Regulation Commission.,,Communications Regulation Commission.,Population age 16-74.,Eurostat,Population age 16-74.,Communications Regulation Commission.,Population age 16-74.,Eurostat,Population age 16-74.,Eurostat.,Population age 16-74.,Eurostat.,Population age 16-74.,Eurostat.
Burkina Faso,0.0770801689426014,0.157732464653607,0.200992597925001,0.373440303233526,0.400295285492178,0.469914488656657,0.632707564461829,0.75,0.92,1.13,,,,,,,,,,,,,,,,,Autorité de Régulation des Télécommunications Électroniques (ARCE),,Autorité de Régulation des Télécommunications Électroniques (ARCE),,Autorité de Régulation des Télécommunications Électroniques (ARCE)
Burundi,0.077248447383456,0.106001245363203,0.118228412267794,0.201273196735924,0.349060461879596,0.542142865759056,0.657592590351907,0.7,0.81,1.9,,,,,,,,,,,,,,,,,Agence de Régulation et de Contrôle des Télécommunications (ARCT),,Agence de Régulation et de Contrôle des Télécommunications (ARCT),ITU estimate. ,Agence de Régulation et de Contrôle des Télécommunications (ARCT)
Cambodia,0.047022640068885,0.0769560555527296,0.226983237666204,0.260570197574002,0.300436644360101,0.317321781089656,0.468356720063827,0.49,0.51,0.53,,,Ministry of Post and Telecommunications (MPTC).,,Ministry of Post and Telecommunications (MPTC).,,Ministry of Post and Telecommunications (MPTC).,,Ministry of Post and Telecommunications (MPTC).,,Ministry of Post and Telecommunications (MPTC).,,Ministry of Post and Telecommunications (MPTC).,,ITU estimate.,,MINISTRY OF POSTS & TELECOMMUNICATIONS OF CAMBODIA (MPTC),,MINISTRY OF POSTS & TELECOMMUNICATIONS OF CAMBODIA (MPTC),,MINISTRY OF POSTS & TELECOMMUNICATIONS OF CAMBODIA (MPTC)
Cameroon,0.252120077733662,0.277051321848797,0.360871584267755,0.587622611130454,0.976075415490902,1.40265422575955,2.0287447914719,2.93,3.8,3.84,,,,,,,,,,,,,,,,,Agence de Régulation des Statistiques,,Agence de Régulation des Statistiques,,Agence de Régulation des Statistiques
Canada,51.3,60.2,61.5932992681952,64.2,65.9559634648989,71.66,72.4,73.2,76.7,80.3,,"Survey result, scope age unknown.",Statistics Canada.,"Survey result, scope age unknown.",Statistics Canada.,"Survey result, scope age unknown.",Statistics Canada.,"Survey result, scope age unknown.",Statistics Canada.,"Survey result, scope age unknown.",Statistics Canada.,Population age 16+.,Statistics Canada.,Estimated based on Survey's results 2005 and 2007. Population age 16+.,ITU estimate.,Population age 16+.,Statistics Canada.,Estimated based on Survey's results 2007 and 2009. Population age 16+.,ITU estimate.,Population age 16+.,ITU estimate.
Cape Verde,1.82244385164396,2.68533271272311,3.5187571749658,4.32488539053715,5.31883206957883,6.07408710659813,6.80891100753313,8.28321981953034,20.0,29.67,,,Cabo Verde Telecom.,,Cabo Verde Telecom.,,ITU estimate.,,Cabo Verde Telecom.,,Cabo Verde Telecom.,,Instituto das Comunicações e das Tecnologias de Informação.,,Instituto das Comunicações e das Tecnologias de Informação.,,Instituto das Comunicações e das Tecnologias de Informação.,,ITU estimate.,,ITU estimate.
Cayman Islands,,,,,,38.0343830823064,38.8586654824026,39.984006397441,41.3282541507942,,,,,,,,,,,,,Tower Omnibus Survey.,ITU estimate.,,ITU estimate.,,Cable and Wireless (W.I.) Ltd. (C&W).,,ITU estimate.,,
Central African Rep.,0.0533941742150456,0.0785434278394038,0.128537116506299,0.151563337940017,0.223401395464406,0.268195609199012,0.311159173235716,0.375815961044797,0.437862374324857,0.511035078940222,,,,,,,,,,,,,,,,,Société Centrafricaine des Télécommunications.,,Société Centrafricaine des Télécommunications.,,ITU estimate.
Chad,0.03570707628555,0.0459341343557353,0.166069664674347,0.320308555366775,0.360920107034467,0.399257700084004,0.581045764229641,0.847224520710968,1.19116700188855,1.5,,,SOTEL.,,SOTEL.,,SOTEL.,,SOTEL.,,Office Tchadien de Régulation des Télécommunications.,,Office Tchadien de Régulation des Télécommunications.,,Office Tchadien de Régulation des Télécommunications.,,Office Tchadien de Régulation des Télécommunications.,,Office Tchadien de Régulation des Télécommunications.,,ITU estimate. 
Chile,16.6,19.1,22.1,25.4737788864723,28.1779101232438,31.1753470303684,34.4977511736017,36.6,38.9,41.3,,Internet users 5+ over the total population.,"OSILAC, ECLAC.",Estimated based on 2000 and 2003 surveys. Internet users 5+ over the total population.,ITU estimate.,Estimated based on 2000 and 2003 surveys. Internet users 5+ over the total population.,ITU estimate.,Internet users 5+ over the total population.,Ministerio de Planificación.,Estimated based on 2003 and 2006 surveys. Internet users 5+ over the total population.,ITU estimate.,Estimated based on 2003 and 2006 surveys. Internet users 5+ over the total population.,ITU estimate.,Internet users 5+ over the total population.,Ministerio de Planificación.,"Estimated based on 2002, 2003 and 2006 surveys' results. Internet users 5+ over the total population.",ITU estimate.,"Estimated based on 2002, 2003 and 2006 surveys' results. Internet users 5+ over the total population.",ITU estimate.,"Estimated based on 2002, 2003 and 2006 surveys' results. Internet users 5+ over the total population.",ITU estimate.
China,1.77591320677415,2.63965021485872,4.59570433077551,6.2,7.3,8.52325700269541,10.5231526193851,16.0,22.6,28.9,,,CNNIC.,,CNNIC.,,CNNIC.,,CNNIC.,,CNNIC.,,CNNIC.,Population age 6+. Online at least one hour per week.,CNNIC.,,CNNIC.,,Ministry of Information Industry (MII).,,Ministry of Industry and Information Technology
Colombia,2.207532992624,2.85419997133433,4.6,7.38892371052557,9.1186903029666,11.0072638904585,15.3416745365682,27.8,38.5,49.36,,,Ministerio de Comunicaciones.,,Ministry of Communications' estimate.,,Ministerio de Comunicaciones.,June.,Ministerio de Comunicaciones.,,Ministerio de Comunicaciones.,,Ministerio de Comunicaciones.,,Ministerio de Comunicaciones.,,Ministerio de Tecnologías de la Información y las Comunicaciones,,Ministerio de Tecnologías de la Información y las Comunicaciones,Estimated by country from previous years values.,Ministerio de Tecnologías de la Información y las Comunicaciones
Comoros,0.271740607285909,0.443068372538977,0.554869674985088,0.848189370151537,1.32732717785355,3.24431474395057,3.32926951070836,3.42334722809561,3.48104043758192,3.59449376806492,,,,,,,,,,,,,,,,,ITU estimate.,,ITU estimate.,,ITU estimate.
Congo,0.0263547320580279,0.0322236164306931,0.157249517243982,0.460014186837522,1.07750492958505,1.46342005950851,2.00799007938159,2.75970437370903,4.28750990276481,6.65728709577751,,,,,,,,,,,,,,,,,Direction Génerale de l'Administration Centrale des Postes et Télécommunications du Congo.,,Direction Génerale de l'Administration Centrale des Postes et Télécommunications du Congo.,,ITU estimate.
Congo (Dem. Rep.),0.0059021136806903,0.0114757819210493,0.0927907024606925,0.134914837437335,0.196208375178039,0.238037798692792,0.29605361030881,0.37,0.45,,,,,,,,,,,,,,,,,,A.R.P.T.C.,,A.R.P.T.C.,,
Cook Islands,15.6561343580985,18.0831826401447,20.0189067452594,22.869588891914,23.9936017062117,26.1999580800671,25.8571650204272,25.6003276841944,25.4052131497383,30.2907915993538,,,ITU estimate.,,ITU estimate.,,ITU estimate.,,ITU estimate.,,ITU estimate.,,ITU estimate.,,ITU estimate.,,ITU estimate.,,ITU estimate.,,Telecom Cook Islands Ltd.
Costa Rica,5.80025302331829,9.55948213497093,19.8948511346293,20.3336148143541,20.7923067055542,22.07,25.1,28.4,32.29,32.42,,,,,,,,,,,,Population age 5+.,Instituto Nacional de Estadística y Censos,Estimated based on 2005 and 2008 surveys' results. Population age 5+,ITU estimate.,Estimated based on 2005 and 2008 surveys' results. Population age 5+,ITU estimate.,Population age 5+.,Instituto Nacional de Estadística y Censos,Population age 5+.,ICE-Telecomunicaciones
Côte d'Ivoire,0.231461670612799,0.395747702246439,0.497929360753307,0.758669629452205,0.849282414747704,1.03923820514001,1.52490079122527,2.24,3.21,4.59,,,,,,,,,,,,,,,,,ATCI,,ATCI,,ATCI
Croatia,6.64488254374396,11.5585731811648,17.76,22.75,30.91,33.14,37.98,41.44,44.24,50.58,,,,,,,Croatian Post and Electronic Communications Agency (HAKOM). ,,,,,Population age 16-74.,,Population age 16-74.,,Population age 16-74.,Eurostat.,Population age 16-74.,Eurostat.,Population age 16-74.,Eurostat.
Cuba,0.541182548811058,1.07975172188907,3.77058503769014,5.2412690536929,8.40798475900703,9.73806220781346,11.1596013147617,11.69,12.94,14.33,,Refers only to users with access to the international network.,Ministerio de la Informática y las Comunicaciones.,Refers only to users with access to the international network.,Ministerio de la Informática y las Comunicaciones.,Incl. users of the international network and also those having access only to the Cuban network.,ONE.,Incl. users of the international network and also those having access only to the Cuban network.,ONE.,Incl. users of the international network and also those having access only to the Cuban network.,ONE.,Incl. users of the international network and also those having access only to the Cuban network.,ONE.,Incl. users of the international network and also those having access only to the Cuban network.,ONE.,Incl. users of the international network and also those having access only to the Cuban network.,Ministerio de la Informática y las Comunicaciones,Incl. users of the international network and also those having access only to the Cuban network.,Ministerio de la Informática y las Comunicaciones,Incl. users of the international network and also those having access only to the Cuban network. Users of international network account for 2.9%.,Ministerio de la Informática y las Comunicaciones
Cyprus,15.2553943710137,18.8187590408455,28.32,30.09,33.83,32.81,35.83,40.77,42.31,49.81,,,ESIS.,,ESIS.,,ESIS. ESIS. ESIS.,,ITU estimate based on Eurostat.,Population age 16-74.,Eurostat,Population age 16-74.,Eurostat.,Population age 16-74.,Eurostat.,Population age 16-74.,Eurostat.,Population age 16-74.,Eurostat.,Population age 16-74 according to Statistical Service Survey,Eurostat.
Czech Republic,9.78052788834393,14.6971721171129,23.93,34.3,35.5,35.27,47.93,51.93,62.97,64.43,,,Ministry of Economy. Czech Telecommunication Office.,,Ministry of Economy. Czech Telecommunication Office.,,Ministry of Economy. Czech Telecommunication Office estimate.,Population age 16-74.,Eurostat,Population age 16-74.,Eurostat,Population age 16-74.,Eurostat.,Population age 16-74.,Eurostat.,Population age 16-74.,Eurostat.,Population age 16-74.,Eurostat.,Population age 16-74.,Eurostat.
D.P.R. Korea,0.0,0.0,0.0,0.0,0.0,0.0,0.0,0.0,0.0,0.0,,Commercially not available. Local Intranet available in country.,Ministry of Posts and Telecommunications.,Commercially not available. Local Intranet available in country.,Ministry of Posts and Telecommunications.,Commercially not available. Local Intranet available in country.,Ministry of Posts and Telecommunications.,Commercially not available. Local Intranet available in country.,Ministry of Posts and Telecommunications.,Commercially not available. Local Intranet available in country.,Ministry of Posts and Telecommunications.,Commercially not available. Local Intranet available in country.,Ministry of Posts and Telecommunications.,Commercially not available. Local Intranet available in country.,Ministry of Posts and Telecommunications.,Commercially not available. Local Intranet available in country.,Ministry of Posts and Telecommunications.,,Ministry of Posts and Telecommunications.,,ITU estimate.
Denmark,39.1724308555053,42.9575247201878,64.25,76.26,80.93,82.74,86.65,85.03,85.02,86.84,,E-mail users.,MR&IT.,,ITU estimate.,Population age 16-74 using Internet in the last 3 months.,Eurostat.,Population age 16-74.,Eurostat.,Population age 16-74.,Eurostat.,Population age 16-74.,Eurostat.,Population age 16-74.,Eurostat.,Population age 16-74.,Eurostat.,Population age 16-74.,Eurostat.,Population age 16-74.,Eurostat.
Djibouti,0.194500528399956,0.343526262964202,0.48697170451894,0.625940229399888,0.781317175068661,0.953611449300569,1.27004115919322,1.62,2.26,3.0,,,,,,,,,,,,,,,,,"Ministére de la Communication et de la Culture, chargé des Postes et des Télécommunications",,"Ministére de la Communication et de la Culture, chargé des Postes et des Télécommunications",,"Ministére de la Communication et de la Culture, chargé des Postes et des Télécommunications"
Dominica,8.81484419762881,13.2452280386761,18.4248927671241,23.6204198529629,30.3196130921568,38.5436432637571,39.39817430347,40.2744630071599,41.1565745757131,42.0205900891437,,,,,,,,,,,,,,,,,ITU estimate.,,ITU estimate.,,ITU estimate.
Dominican Rep.,3.70469235587688,4.42939069666645,6.8237257325842,7.89839293716387,8.8655534607044,11.4831977789344,14.8449283654589,17.66,20.82,26.77,,,Instituto Dominicano de las Telecomunicaciones (INDOTEL).,,Instituto Dominicano de las Telecomunicaciones (INDOTEL).,,Instituto Dominicano de las Telecomunicaciones (INDOTEL).,,Instituto Dominicano de las Telecomunicaciones (INDOTEL).,,Instituto Dominicano de las Telecomunicaciones (INDOTEL).,,Instituto Dominicano de las Telecomunicaciones (INDOTEL).,,Instituto Dominicano de las Telecomunicaciones (INDOTEL).,,Instituto Dominicano de las Telecomunicaciones (INDOTEL),,Instituto Dominicano de las Telecomunicaciones (INDOTEL),Calculated using a multiplying factor of 3.9 to residencial subscriptions and 16 to business subscriptions.,Instituto Dominicano de las Telecomunicaciones (INDOTEL)
Ecuador,1.46218853556457,2.67044367376705,4.26079691519764,4.46022834472698,4.83444263759525,5.99425516097331,7.2,10.8,16.3,24.6,,,,,,,,,,,,,ITU estimate.,Population age 10+.,ITU estimate.,Estimated based on survey results.,ITU estimate.,Estimated based on survey results.,Instituto Nacional de Estadística y Censos (INEC),Population age 5+.,Instituto Nacional de Estadística y Censos (INEC)
Egypt,0.641265037504813,0.838945611477604,2.71999971465421,4.03788510706701,5.1506662320737,11.6983982081957,12.5527999697616,16.05,18.05,24.26,,,Telecom Egypt estimate.,,Telecom Egypt estimate.,,MICT.,,Telecom Egypt estimate.,,Ministry of Communications and Information Technology.,,Ministry of Communications and Information Technology.,,Ministry of Communications and Information Technology.,,Ministry of Communcations and Information Technology,,Ministry of Communcations and Information Technology,,Ministry of Communcations and Information Technology
El Salvador,1.17739726914477,1.5,1.9,2.5,3.2,4.2,5.5,6.11,10.08,12.11,,,Superintendencia General de Electricidad y Telecomunicaciones.,Estimated based on Survey results. Population age 10+.,ITU estimate.,Estimated based on Survey results. Population age 10+.,ITU estimate.,Estimated based on Survey results. Population age 10+.,ITU estimate.,Estimated based on Survey results. Population age 10+.,ITU estimate.,Estimated based on Survey results. Population age 10+.,ITU estimate.,Population age 10+.,"OSILAC, ECLAC.",Population age 10+.,DIGESTYC,Population age 10+.,DIGESTYC,Population age 10+.,DIGESTYC
Equatorial Guinea,0.132354665123789,0.16526042288306,0.321197997152044,0.520524272046806,0.843930284607049,1.14978967061811,1.27919359635686,1.55712305943539,1.82039663408662,2.1293175980706,,,,,,,,,,,,,,,,,ITU estimate.,,ITU estimate.,,ITU estimate.
Eritrea,0.136711941104496,0.157815289303043,0.227090137626716,0.725623231746887,1.1610256686521,1.78846005094428,2.15938321105466,2.5098464413201,4.05936661296801,,,,,,,,,,,,,,,,,,Eritrea Telecommunication Services Corporation.,,Eritrea Telecommunication Services Corporation.,,
Estonia,28.5769538105646,31.5274897673756,41.52,45.32,53.2,61.45,63.51,66.19,70.58,72.5,,,Ministry of Economic Affairs and Communications.,,Ministry of Economic Affairs and Communications.,,Ministry of Economic Affairs and Communications estimate.,,Ministry of Economic Affairs and Communications estimate.,Population age 16-74.,Eurostat.,Population age 16-74.,Eurostat.,Population age 16-74.,Eurostat.,Population age 16-74.,Eurostat.,Population age 16-74.,Eurostat.,Population age 16-74.,Eurostat.
Ethiopia,0.0152637672082567,0.0371623810686744,0.0724022618698295,0.105811658802603,0.155334520794722,0.219659818999505,0.310592656856176,0.37,0.45,0.54,,,Ethiopian Telecommunications Corporation (ETC). Ethiopian Telecommunication Agency.,,Ethiopian Telecommunications Corporation (ETC). Ethiopian Telecommunication Agency.,,Ethiopian Telecommunications Corporation (ETC). Ethiopian Telecommunication Agency.,,Ethiopian Telecommunications Corporation (ETC). Ethiopian Telecommunication Agency.,,Ethiopian Telecommunications Corporation (ETC). Ethiopian Telecommunication Agency.,,Ethiopian Telecommunications Corporation (ETC). Ethiopian Telecommunication Agency.,,Ethiopian Telecommunications Corporation (ETC). Ethiopian Telecommunication Agency.,,Ethiopian Telecommunication Agency,,Ethiopian Telecommunication Agency,,Ethiopian Telecommunication Agency
Falkland (Malvinas) Is.,58.6206896551724,64.603876232574,64.1458474004051,64.0161725067385,67.3174015483002,84.005376344086,87.1021775544389,90.06,92.96,95.84,,,,,,,,,,,,,,,,,Cable & Wireless South Atlantic Ltd,,Cable & Wireless South Atlantic Ltd,,Cable & Wireless South Atlantic Ltd
Faroe Islands,32.916392363397,43.2469835228993,53.2992218313613,58.9126409695337,66.5335994677312,67.9026317413939,69.359445124439,75.98,75.57,75.18,,,,,,,,,,,,,,,,,Post and Telecom Surveillance Authority,,Post and Telecom Surveillance Authority,,Post and Telecom Surveillance Authority
Fiji,1.4968547339902,1.8579785936093,6.15264970011985,6.72543473821551,7.4129434854202,8.45363663371359,9.6000384001536,10.8978310454645,12.2031263698898,13.4476659703398,,,Telecom Fiji.,,Telecom Fiji.,,Telecom Fiji.,,Telecom Fiji.,,"Ministry of Information, Communications & Media Relations.",,"Ministry of Information, Communications & Media Relations.",,"Ministry of Information, Communications & Media Relations.",,ITU estimate.,,ITU estimate.,,ITU estimate.
Finland,37.2484617371121,43.1053633522263,62.43,69.22,72.39,74.48,79.66,80.78,83.67,82.49,,Has used at least one other Internet application besides e-mail in last 3 months. Population age 15+.,www.toy.fi.,Has used at least one other Internet application besides e-mail in last 3 months. Population age 15+.,www.toy.fi.,Population age 16-74.,Eurostat.,Population age 16-74.,Eurostat.,Population age 16-74.,Eurostat.,Population age 16-74.,Eurostat.,Population age 16-74.,Eurostat.,Population age 16-74.,Eurostat.,Population age 16-74.,Eurostat.,Population age 16-74.,Eurostat.
France,14.3079239430677,26.3259035521688,30.18,36.14,39.15,42.87,46.87,66.09,70.68,71.58,,Population age 15+ using internet in the last year.,Médiamétrie.,Population age 11+ using Internet in the last month.,Médiamétrie.,"Population age 11+, used in the last month.",Médiamétrie.,"Population age 11+, used in the last month.",Médiamétrie.,"Population age 11+, used in the last month.",Médiamétrie.,"Population age 11+, used in the last month.",Médiamétrie.,Population age 16-74.,Eurostat.,Population age 16-74.,Eurostat.,Population age 16-74.,Eurostat.,Population age 16-74.,Eurostat.
French Polynesia,6.3570635452072,6.25158894552365,8.20021648571522,14.1242937853107,17.8845374263753,21.5421854743002,25.1079642462589,28.59,33.87,44.6,,,,,,,,,,,,,,,,,Service des postes et télécommunications,,Service des postes et télécommunications,,Service des postes et télécommunications
Gabon,1.21614061828589,1.34762022159633,1.93953010616212,2.65958659385985,2.97906980035019,4.89326474972412,5.48920080280135,5.76700457562583,6.21478718842337,6.70018567923471,,,Office des postes et des télécommunications (OPT).,,Office des postes et des télécommunications (OPT).,,Gabon Telecom S.A.,,Gabon Telecom S.A.,,Gabon Telecom S.A.,,Gabon Telecom S.A.,,Gabon Telecom S.A.,,ITU estimate.,,Gabon Telecom S.A.,,ITU estimate.
Gambia,0.921794919066406,1.33679116648397,1.79677988296495,2.436781193062,3.30800347812937,3.79900113882231,5.23769115841218,6.20503741852418,6.87868931454042,7.62954987415055,,,The Gambia Public Utilities Regulatory Authority.,,The Gambia Public Utilities Regulatory Authority.,,The Gambia Public Utilities Regulatory Authority.,,The Gambia Public Utilities Regulatory Authority.,,The Gambia Public Utilities Regulatory Authority.,,ITU estimate.,,The Gambia Public Utilities Regulatory Authority.,,The Gambia Public Utilities Regulatory Authority.,,The Gambia Public Utilities Regulatory Authority.,,ITU estimate.
Georgia,0.484746298540492,0.992344436138154,1.58787562980332,2.55881648068489,3.88622135350273,6.07945762869794,7.52687684487832,8.26,23.78,30.51,,,Ministry of Communications.,,Georgian National Communications Commission (GNCC).,,Georgian National Communications Commission (GNCC).,,Georgian National Communications Commission (GNCC).,,Georgian National Communications Commission (GNCC).,,ITU estimate.,,Georgian National Communications Commission (GNCC).,,Georgian National Communications Commission,,Georgian National Communications Commission,,Georgian National Communications Commission
Germany,30.2163466048889,31.650939416316,48.82,55.9,64.73,68.71,72.16,75.16,77.91,79.26,,,(N)onliner-Atlas.,,(N)onliner-Atlas.,Population age 16-74 using Internet in the last 3 months.,Eurostat.,Population age 16-74.,Eurostat.,Population age 16-74.,Eurostat.,Population age 16-74.,Eurostat.,Population age 16-74.,Eurostat.,Population age 16-74.,Eurostat.,Population age 16-74.,Eurostat.,Population age 16-74.,Eurostat.
Ghana,0.153615297625799,0.200008060324831,0.830284033818739,1.19305791098328,1.71679770389504,1.83119746104616,2.72317597313987,3.85,4.27,5.44,,,Ghana Telecom.,,Ghana Telecom estimate.,,National Communications Authority (NCA).,,National Communications Authority (NCA).,,National Communications Authority (NCA).,,National Communications Authority (NCA).,,National Communications Authority (NCA).,,National Communications Authority,,National Communications Authority,,National Communications Authority
Gibraltar,19.1316381248919,21.171109436031,23.670239745714,28.3257797920554,32.8860826098395,39.0701308849385,45.29864751181,51.61,58.0,65.07,,,GNC Networks Limited.,,GNC Networks Limited.,,ITU estimate. ,,ITU estimate. ,,ITU estimate. ,,ITU estimate. ,,ITU estimate. ,,Gibraltar Regulatory Authority,,Gibraltar Regulatory Authority,,Gibraltar Regulatory Authority
Greece,9.13883730776798,10.9350258080278,14.67,17.8,21.42,24.0,32.25,35.88,41.19,44.54,,,Hellenic Telecommunications & Post Commission (EETT).,,Hellenic Telecommunications & Post Commission (EETT).,Population age 16-74 using Internet in the last 3 months.,Eurostat.,Population age 16-74.,Eurostat.,Population age 16-74.,Eurostat.,Population age 16-74.,Eurostat.,Population age 16-74.,Eurostat.,Population age 16-74.,Eurostat.,Population age 16-74.,Eurostat.,Population age 16-74.,Eurostat.
Greenland,31.7478112321162,35.4641368915684,44.154789028418,54.5342598293605,56.0990147610533,57.7034045008656,59.361687268664,61.07,62.82,62.83,,,,,,,,,,,,,,,,,TELE Greenland,,TELE Greenland,,TELE Greenland
Grenada,4.06390799146313,5.12810398216998,14.7588405454867,18.6451821830564,19.5706205843787,20.4878048780488,21.3959911692909,22.29,23.18,24.05,,,,,,,,,,,,,,,,,Cable & Wireless Grenada Ltd. trading as LIME,,Cable & Wireless Grenada Ltd. trading as LIME,,Cable & Wireless Grenada Ltd. trading as LIME
Guam,16.1131270423389,25.3802275337398,31.1922942556271,33.7166817880876,36.1617878387908,38.559877557558,43.8514430048178,46.1504736192355,48.4187021509296,50.6420283820435,,,Guam Telephone Authority.,,Guam Telephone Authority.,,Guam Telephone Authority.,,Guam Telephone Authority.,,Guam Telephone Authority.,,Guam Telephone Authority.,,ITU estimate.,,ITU estimate.,,ITU estimate.,,ITU estimate.
Guatemala,0.712332904508925,1.7382017815873,3.39174627024502,4.54885490848324,6.13054808551856,7.86798280184847,10.1315738371448,12.28,14.32,16.25,,,,,,,,,,,,,,,,,Superintedencia de Telecomunicaciones (SIT),,Superintedencia de Telecomunicaciones (SIT),,Superintedencia de Telecomunicaciones (SIT)
Guernsey,31.8979266347687,44.4657880226953,53.5714285714286,59.1397849462366,64.5161290322581,73.5710243350311,83.6320191158901,,,,,,Cable & Wireless Guernsey.,,Cable & Wireless Guernsey.,,CRC based on survey.,,Cable & Wireless Guernsey.,,2004 HH ICT survey.,,Cable & Wireless Guernsey.,,Cable & Wireless Guernsey.,,,,,,
Guinea,0.0954249236063846,0.175541868491054,0.402022748744397,0.450960370842751,0.508819332302937,0.542254180996637,0.637492122987955,0.780025279059244,0.915280144370188,0.943515782138829,,,,,,,,,,,,,,,,,Ministère de la Communication et des Nouvelles Technologies de l'Information.,,Ministère de la Communication et des Nouvelles Technologies de l'Information.,,ITU estimate.
Guinea-Bissau,0.230103170591588,0.299569144677667,1.02299323436117,1.35419747762901,1.80814220342991,1.90136531610877,2.0571967045036,2.20630223745003,2.35488871087933,2.30328059172582,,,,,,,,,,,,,,,,,Instituto das Comunicaçoes da Guiné-Bissau.,,Instituto das Comunicaçoes da Guiné-Bissau.,,Instituto das Comunicaçoes da Guiné-Bissau.
Guyana,6.61149156572021,13.2069864958563,16.4726409201485,18.400473155024,19.0125535301723,20.946959679721,22.8975771746483,28.85,26.85,24.87,,,,,,,,,,,,,,,,,National Frequency Management Unit,,National Frequency Management Unit,,National Frequency Management Unit
Haiti,0.231270714628821,0.340832326173809,0.893432988337908,1.64735834557778,5.401261907622,6.37620163504938,6.79600048052951,9.25917733649682,10.1251447642573,9.96748705397863,,,,,,,,,,,,,,,,,ITU estimate.,,ITU estimate.,,ITU estimate.
Honduras,1.20385599891878,1.41528193123711,2.5974025974026,4.8,5.6,6.5,7.8,9.4,9.6,9.8,,,,,,,,Estimated based on Survey's results. Population age 5+.,ITU estimate.,Population age 5+.,"ITU based on ECLAC, OSILAC.",Population age 5+.,"ITU based on ECLAC, OSILAC.",Population age 5+.,ITU estimate.,Population age 5+.,"ITU based on ECLAC, OSILAC.",Population age 5+ over the total population.,Instituto Nacional de Estadistica de Honduras (INE),Estimated based on Survey's results. Population age 5+ over the total population.,ITU estimate.
"Hong Kong, China",27.8277606812581,38.6714032309569,43.0823830278909,52.2000433497404,56.3998803935333,56.9,60.8,64.8,66.7,69.4,,Population age 10+ who accessed Internet in previous year.,Census and Statistics Department,Population age 10+ who accessed Internet in previous year.,Census and Statistics Department,Population age 10+ who accessed Internet in previous year.,Census and Statistics Department,Population age 10+ who accessed Internet in previous year.,Census and Statistics Department,Population age 10+ who accessed Internet in previous year.,Census and Statistics Department,Population age 10+.,Census and Statistics Department.,Population age 10+.,Census and Statistics Department.,Population age 10+.,Census and Statistics Department.,Population age 10+.,Census and Statistics Department.,Population age 10+.,Census and Statistics Department.
Hungary,6.99967635062916,14.5285543028277,16.67,21.63,27.74,38.97,47.06,53.3,61.04,61.81,,,National Communications Authority.,,National Communications Authority.,,National Communications Authority.,,National Communications Authority.,,ITU estimate based on Eurostat.,Population age 16-74.,Eurostat.,Population age 16-74.,Eurostat.,Population age 16-74.,Eurostat.,Population age 16-74.,Eurostat.,Population age 16-74.,Eurostat.
Iceland,44.470533824288,49.3929953676426,79.12,83.14,83.88,87.0,89.51,90.6,91.04,93.46,,,Iceland Telecom Ltd.,,Iceland Telecom Ltd.,,ITU estimate based on Eurostat.,Population age 16-74.,Eurostat.,Population age 16-74.,Eurostat.,Population age 16-74.,Eurostat.,Population age 16-74.,Eurostat.,Population age 16-74.,Eurostat.,Population age 16-74.,Eurostat.,Population age 16-74.,Eurostat.
India,0.527532449930946,0.660146377009928,1.53787558175083,1.68648997063625,1.97613649190559,2.38807499995774,2.80549986534254,3.95,4.38,5.12,,,Department of Telecommunications (DOT). Ministry of Communications and Information Technology.,,Department of Telecommunications (DOT). Ministry of Communications and Information Technology.,,Department of Telecommunications (DOT). Ministry of Communications and Information Technology.,December.,Department of Telecommunications (DOT). Ministry of Communications and Information Technology.,,ITU estimate. ,,ITU estimate. ,September. ,Internet in India [I Cube] Report 2007. ,September. ,"Department of Telecommunications, Ministry of Communications & IT",,"Department of Telecommunications, Ministry of Communications & IT",,"Department of Telecommunications, Ministry of Communications & IT"
Indonesia,0.925563864466858,2.01861385948459,2.13413573295808,2.38701977959476,2.60028587633414,3.60202476259646,4.7648131336665696,5.78627472934199,7.91747938492903,8.69698610251625,,,Indonesian Internet Service Provider Association.,,Indonesian Internet Service Provider Association.,,Indonesian Internet Service Provider Association.,,Indonesian Internet Service Provider Association.,,Indonesian Internet Service Provider Association.,,Indonesian Internet Service Provider Association.,,Indonesian Internet Service Provider Association.,,Indonesian Internet Service Provider Association.,,ITU estimate.,,Directorate General of Posts and Telecommunications
Iran (I.R.),0.934190019959829,1.48422133163363,4.62617511492205,6.93372195304053,7.49,8.1,8.76,9.47,10.24,11.07,,,Ministry of Information and Communications Technology.,,Ministry of Information and Communications Technology.,,Ministry of Information and Communications Technology.,,Communications Regulatory Authority (CRA).,,ITU estimate.,,ITU estimate.,,ITU estimate.,,ITU estimate.,,ITU estimate.,,Statistical Center of Iran.
Iraq,,0.049217295382835,0.095650547687384,0.11168247035668,0.130607079847001,0.708273283563442,0.95234424383919,0.93,1.0,1.06,,,,,,,,,,,,,,,,,Ministry of Communications,,Ministry of Communications,,Ministry of Communications
Ireland,17.8504672405807,23.1388121904053,25.85,34.31,36.99,41.61,54.82,60.55,65.34,67.38,,Population age 15+.,Amarach.,Population age 15+.,Amarach.,age 15+.,Amarach.,Population age 16-74.,Eurostat.,Population age 16-74.,Eurostat.,Population age 16-74.,Eurostat.,Population age 16-74.,Eurostat.,Population age 16-74.,Eurostat.,Population age 16-74.,Eurostat.,Population age 15-74.,Eurostat.
Israel,20.8737899981674,17.3786238639049,17.7645990630493,19.5933936579649,22.7704855254035,25.1940424216829,27.8810744577346,48.1280621948445,59.39,63.12,,,,,,,,,,,,,,,,Population age 16-74.,Eurostat.,Population age 16-74.,Eurostat.,Population age 16-74.,Eurostat.
Italy,23.1108742441037,27.2221169788811,28.04,29.04,33.24,35.0,37.99,40.79,44.53,48.83,,,IDC.,,IDC.,Population age 16-74 using Internet in the last 3 months.,Eurostat.,Population age 16-74.,Eurostat.,Population age 16-74.,Eurostat.,Population age 16-74.,Eurostat.,Population age 16-74.,Eurostat.,Population age 16-74.,Eurostat.,Population age 16-74.,Eurostat.,Population age 16-74.,Eurostat.
Jamaica,3.11577802729967,3.8630203874764,22.9890518472086,30.4093593926339,40.2607477707545,46.1921393091148,48.4559872404203,55.64,56.88,58.16,,,Cable & Wireless.,,Cable & Wireless.,,Office of Utilities Regulation.,,Office of Utilities Regulation.,,Office of Utilities Regulation.,,ITU estimate.,,Office of Utilities Regulation.,,Office of Utilities Regulation,,Office of Utilities Regulation,,Office of Utilities Regulation
Japan,29.9907403589142,38.5320608612719,46.5942011179917,48.4352658899653,62.3939296327259,66.9210661042901,68.6852703213795,74.3,75.4,78.0,,PC-based only.,Ministry of Internal Affairs and Communications (MIC).,PC-based only.,Ministry of Internal Affairs and Communications (MIC).,PC-based only.,Ministry of Internal Affairs and Communications (MIC).,PC-based only.,Ministry of Internal Affairs and Communications (MIC).,"Incl. users accessing internet through cellphones, PHS and game console.",Ministry of Internal Affairs and Communications (MIC); Telecommunications Carriers Associations (TCA).,Population age 6+.,Ministry of Internal Affairs and Communications.,Population age 6+.,Ministry of Internal Affairs and Communications.,Population age 6+.,Ministry of Internal Affairs and Communications. ,Population age 6+.,Ministry of Internal Affairs and Communications.,Population age 6+.,Ministry of Internal Affairs and Communications.
Jersey,9.21871398939848,16.0576239304475,19.4063926940639,22.7272727272727,30.6818181818182,31.25,31.8181818181818,32.3863636363636,,,,,,,,,,,,,,,,,,,ITU estimate.,,,,
Jordan,2.62327542156362,4.70571958094159,6.02553241191204,8.46600501623938,11.6587413706379,12.9328520457507,13.8671087882097,20.0,23.0,26.0,,,,,,,,,,,,,,,,Estimated based on % submitted by TRC.,Telecommunications Regulatory Commission.,,ITU estimate.,Population age 5+.,Department of Statistics.
Kazakhstan,0.668594402621264,1.00612421099739,1.67477099516366,2.00041475265872,2.6503946570164,2.96170749150089,3.26836905115978,4.02,11.0,18.2,,,,,,,,,,,,,,,,,Ministry of the Republic of Kazakhstan for Communications and Information,,Ministry of the Republic of Kazakhstan for Communications and Information,,Ministry of the Republic of Kazakhstan for Communications and Information
Kenya,0.318059713612037,0.619782266151425,1.20777388492125,2.94190286101524,3.02352804209621,3.10189770248496,7.5337897198037,7.95,8.67,10.04,,,,,,,,,,,,,,,,,Communication Commission of Kenya,,Communication Commission of Kenya,,Communication Commission of Kenya
Kiribati,1.78522547397736,2.33745894837722,2.5,3.0,3.5,4.0,4.5,6.0,7.0,8.0,,,ITU estimate.,,ITU estimate.,,ITU estimate.,,ITU estimate.,,ITU estimate.,,ITU estimate.,,"NSO, 2006 Kiribati HIES",,ITU estimate.,,ITU estimate.,,ITU estimate.
Korea (Rep.),44.7,56.6,59.4,65.5,72.7,73.5,78.1,78.8,80.99,81.6,,In the last month. Population age 3+.,KRNIC.,In the last month. Population age 3+.,KRNIC.,In the last month. Population age 3+.,NIDA.,In the last month. Population age 3+.,NIDA.,Population age 3+.,KISA.,Population age 3+.,KISA.,Population age 3+.,KISA.,Population age 3+.,KISA.,Population age 3+.,KCC and KISA.,Population age 3+.,KCC and KISA.
Kuwait,6.73139576837536,8.55179243431475,10.2489679289296,22.4029383804612,22.9271120360078,25.9261083689107,28.7911979549612,31.5665976293485,34.2570166934442,36.8503533948891,,,,,,,,,,,,,,,,,ITU estimate.,,ITU estimate.,,ITU estimate.
Kyrgyzstan,1.04140114469361,3.00294132719239,2.99926518003089,3.90876626828521,5.09038530732863,10.5338013405507,12.3069069959465,14.03,15.7,40.03,,,,,,,,,,,,,,,,,State Communication Agency under the Government of the Kyrgyz Republic,,State Communication Agency under the Government of the Kyrgyz Republic,,State Communication Agency under the Government of the Kyrgyz Republic
Lao P.D.R.,0.111044032290124,0.181664460654566,0.267899241309349,0.333912466428616,0.361434490258043,0.850357490288917,1.16989342772256,1.64,3.55,6.0,,,,,,,,,,,,,,,,,National Authority of Post and Telecommunication,,National Authority of Post and Telecommunication,,National Authority of Post and Telecommunication
Latvia,6.31906208267861,7.21934580836289,21.94,26.98,38.58,46.0,53.63,59.17,63.41,66.84,,,Ministry of Transport.,,Ministry of Transport.,,ITU estimate.,,ITU estimate.,Population age 16-74.,Eurostat.,Population age 16-74.,Eurostat.,Population age 16-74.,Eurostat.,Population age 16-74.,Eurostat.,Population age 16-74.,Eurostat.,Population age 16-74.,Eurostat.
Lebanon,7.95274373635276,6.78321977527715,7.0,8.0,9.0,10.14,15.0,18.74,22.53,23.68,,,Lebanese Broadcasting International.,,Lebanese Broadcasting International.,,ITU estimate. ,,ITU estimate. ,,ITU estimate. ,,,,ITU estimate. ,,Ministère des Télécommunications,TRA estimates the number of Internet users based on the number of Internet subscriptions (3 users for every subscription). ,Ministère des Télécommunications,,Ministère des Télécommunications
Lesotho,0.211806070361977,0.261150063093855,1.08394313737534,1.53249659019509,2.17552433931097,2.58024548419449,2.97970818724486,3.44543125970873,3.57660597171212,3.71567536028262,,,Telecomm Lesotho (TCL).,,Telecomm Lesotho (TCL).,,Lesotho Telecommunications Authority (LTA).,,Lesotho Telecommunications Authority (LTA).,,Lesotho Telecommunications Authority (LTA).,,ITU estimate.,,Lesotho Telecommunications Authority (LTA).,,Lesotho Telecommunications Authority (LTA).,,Lesotho Telecommunications Authority (LTA).,,ITU estimate.
Liberia,0.0177027057169472,0.033812227177592,0.0327133071190699,0.0318689345450327,0.0310111848040233,,,0.551376580555429,0.52723150735488,0.505691686352823,,,,,,,,,,,,,,,,,ITU estimate.,,ITU estimate.,,ITU estimate.
Libya,0.187042622337565,0.366533175284228,2.24441822165946,2.81451798740855,3.53283816154549,3.91778797710285,4.30105178913002,4.72199937850513,5.13172404797383,5.51252545785192,,,Ministry of Transport and Communications.,,Ministry of Transport and Communications.,,Ministry of Transport and Communications.,,Ministry of Transport and Communications.,,Ministry of Transport and Communications.,,ITU estimate.,,ITU estimate.,,Ministry of Transport and Communications.,,ITU estimate.,,ITU estimate.
Liechtenstein,36.5152298938015,45.1168526483592,59.4707106749926,58.8096918372148,64.0074481394199,63.3713561470216,64.2141613630526,65.080218443168,65.9575065255831,64.0472278688981,,,,,,,,,,,,,,,,,ITU estimate.,,ITU estimate.,,ITU estimate.
Lithuania,6.42706749477765,7.17935699381369,17.69,25.91,31.23,36.22,43.9,49.9,55.22,59.76,,,Lithuanian Telecom.,,Lithuanian Telecom.,Population age 16-74 using Internet in the last 3 months.,Eurostat.,Population age 16-74.,ITU estimate.,Population age 16-74.,Eurostat.,Population age 16-74.,Eurostat.,Population age 16-74.,Eurostat.,Population age 16-74.,Eurostat.,Population age 16-74.,Eurostat.,Population age 16-74.,Eurostat.
Luxembourg,22.8873279731211,36.163422506306,39.84,54.55,65.88,70.0,72.51,78.92,82.23,87.31,,,Institut Luxembourgeois de Régulation.,Population age 12+.,ILRES.,Population age 16-74 using Internet in the last 3 months.,Eurostat.,Population age 16-74.,Eurostat.,Population age 16-74.,Eurostat.,Population age 16-74.,Eurostat.,Population age 16-74.,Eurostat.,Population age 16-74.,Eurostat.,Population age 16-74.,Eurostat.,Population age 16-74.,Eurostat.
"Macao, China",13.6085897418451,22.5212167700561,25.1718801643395,25.7421239826498,31.4840973824121,34.8629271733959,46.4,47.327,49.24,50.22478,,,Estimated by DSTR.,,Estimated by DSTR.,,Estimated by DSTR.,,Estimated by DSTR.,,Estimated by DSTR.,,Estimated by DSTR.,Population age 3+. (Break in comparability),Statistics and Census Service,Estimated based on survey's results. Population age 3+.,ITU estimate.,Population age 3+.,Statistics and Census Service,Estimated based on survey's results. Population age 3+.,ITU estimate.
Madagascar,0.196394691006341,0.222511586178292,0.339720154596142,0.423252419277809,0.525353654946669,0.567721802237403,0.607552238860378,0.65,1.65,1.63,,,,,,,,,,,,,,,,,Office Malagasy d'Etudes et Régulations des télécommunications (OMERT),,Office Malagasy d'Etudes et Régulations des télécommunications (OMERT),,Office Malagasy d'Etudes et Régulations des télécommunications (OMERT)
Malawi,0.126780944756387,0.164020725330811,0.21509472652259,0.278815116302304,0.347505334967577,0.384489334082782,0.425137489606563,0.965864736553132,2.12916694676113,4.69357549492358,,,,,,,,,,,,,,,,,Malawi Communications Regulatory Authority.,,Malawi Communications Regulatory Authority.,,ITU estimate.
Malaysia,21.3847311644538,26.6959725007084,32.3382043389359,34.9711523397291,42.2522656295248,48.629170245984,51.6379889864403,55.7,55.8,55.9,,,PIKOM.,,PIKOM.,,PIKOM.,,PIKOM.,,PIKOM.,,PIKOM.,,PIKOM.,,Malaysian Communications and Multimedia Malaysia,,Malaysian Communications and Multimedia Malaysia,,Malaysian Communications and Multimedia Malaysia
Maldives,2.2038729393788,3.61729064930367,5.3477651689359,5.97659284988557,6.58825487530861,6.86960506696215,11.0363527828647,16.3,23.17,27.93,,Not from official survey data. Country estimate based on the assumption that every connection (except leased lines) serves 4 users (average household size is 6) and a leased line serves 10 users. Mobile Internet users are not included.,Dhivehi Raajjey Ge Gulhun Private Limited (DHIRAAGU).,Not from official survey data. Country estimate based on the assumption that every connection (except leased lines) serves 4 users (average household size is 6) and a leased line serves 10 users. Mobile Internet users are not included.,Dhivehi Raajjey Ge Gulhun Private Limited (DHIRAAGU).,Not from official survey data. Country estimate based on the assumption that every connection (except leased lines) serves 4 users (average household size is 6) and a leased line serves 10 users. Mobile Internet users are not included.,Dhivehi Raajjey Ge Gulhun Private Limited (DHIRAAGU).,Not from official survey data. Country estimate based on the assumption that every connection (except leased lines) serves 4 users (average household size is 6) and a leased line serves 10 users. Mobile Internet users are not included.,Dhivehi Raajjey Ge Gulhun Private Limited (DHIRAAGU).,Not from official survey data. Country estimate based on the assumption that every connection (except leased lines) serves 4 users (average household size is 6) and a leased line serves 10 users. Mobile Internet users are not included.,Dhivehi Raajjey Ge Gulhun Private Limited (DHIRAAGU).,Not from official survey data. Country estimate based on the assumption that every connection (except leased lines) serves 4 users (average household size is 6) and a leased line serves 10 users. Mobile Internet users are not included.,Telecommunications Authority of Maldives (TAM).,Not from official survey data. Country estimate based on the assumption that every connection (except leased lines) serves 4 users (average household size is 6) and a leased line serves 10 users. Mobile Internet users are not included.,Telecommunications Authority of Maldives (TAM).,Not from official survey data. Country estimate based on the assumption that every connection (except leased lines) serves 4 users (average household size is 6) and a leased line serves 10 users. Mobile Internet users are not included.,Communications Authority of Maldives,Not from official survey data. Country estimate based on the assumption that every connection (except leased lines) serves 4 users (average household size is 6) and a leased line serves 10 users. Mobile Internet users are not included.,Communications Authority of Maldives,Not from official survey data. Country estimate based on the assumption that every connection (except leased lines) serves 4 users (average household size is 6) and a leased line serves 10 users. Mobile Internet users are not included.,Communications Authority of Maldives
Mali,0.142545755049184,0.185897413256084,0.2270455784917,0.310364443230575,0.432819639900985,0.507063135952247,0.729627280833101,0.81,1.57,1.92,,,,,,,,,,,,,,,,,Comité de Régulation des Télécommnications CRT,,Comité de Régulation des Télécommnications CRT,,Comité de Régulation des Télécommnications CRT
Malta,13.1137087111024,17.8778483243348,28.92,31.64,34.62,41.24,40.41,46.9,50.08,58.86,,,Malta Communications Authority.,,Malta Communications Authority.,,Malta Communications Authority.,,Malta Communications Authority.,,Malta Communications Authority.,Population age 16-74.,Eurostat.,Population age 16-74.,Eurostat.,Population age 16-74.,Eurostat.,Population age 16-74.,Eurostat.,Population age 16-74.,Eurostat.
Marshall Islands,1.53427179624871,1.7066140776699,2.33544457522934,2.5697503671072,3.59977681383754,3.8787023977433,3.79559021427832,3.71082548999764,3.62677217276624,3.54604213342789,,,National Telecommunications Authority.,,National Telecommunications Authority.,,National Telecommunications Authority.,,National Telecommunications Authority.,,National Telecommunications Authority.,,National Telecommunications Authority.,,National Telecommunications Authority.,,ITU estimate.,,ITU estimate.,,ITU estimate.
Mauritania,0.192031462434805,0.261448551967195,0.363229414608579,0.424004895843197,0.481470438230954,0.669966474877597,0.97966125273203,1.43361319586788,1.86622698358933,2.27919881603219,,,,,,,,,,,,,,,,,Autorité de Régulation.,,Autorité de Régulation.,,ITU estimate.
Mauritius,7.28153511499385,8.78090401892036,10.252624671916,12.1871062041308,13.6890885885342,15.1722287524914,16.7,20.22,21.81,22.51,,,Mauritius Telecom.,,Mauritius Telecom.,CSO. Population age 12+.,Mauritius Telecom.,,ITU estimate.,,ITU estimate.,,ITU estimate.,Population age 12+.,Central Statistics Office,,Information Communication Technologies Authority,Population age 12+.,Central Statistics Office,,Information Communication Technologies Authority
Mayotte,1.21153380179307,,,,,,,,,,,,,,,,,,,,,,,,,,,,,,
Mexico,5.08138415338066,7.0380231165045,11.9,12.9,14.1,17.8,20.0,22.2,23.6,28.3,,,COFETEL.,,INEGI.,Population age 6+.,ITU estimate.,Estimated based on 2002 and 2004 surveys' results. Population age 6+.,ITU estimate.,Population age 6+.,ITU estimate.,Population age 6+.,ITU estimate.,Population age 6+.,ITU estimate.,Population age 6+.,Comisión Federal de Telecomunicaciones,Population age 6+.,Comisión Federal de Telecomunicaciones,Population age 6+.,Comisión Federal de Telecomunicaciones
Micronesia,3.73486213690137,4.66052719883673,5.57009970478472,9.23250210039423,11.0178673081514,11.8813690993008,12.7503392500979,13.6211327333981,14.4909160070281,15.3529369265227,,,,,,,,,,,,,,,,,ITU estimate.,,ITU estimate.,,ITU estimate.
Moldova,1.28284641670022,1.48781295215565,3.78724279887342,7.40754458415897,10.629390841654,14.6302704551796,19.6206477051634,20.45,23.39,37.0,,,,,,,,,,,,,National Regulatory Agency for Electronic Communications and Information Technology,,National Regulatory Agency for Electronic Communications and Information Technology,,National Regulatory Agency for Electronic Communications and Information Technology,Based on RCC data.,National Regulatory Agency for Electronic Communications and Information Technology,Population age 16-74.,National Regulatory Agency for Electronic Communications and Information Technology (ANRCETI) .
Monaco,42.1848634460346,46.6461423640265,48.0471171729696,49.4911689195459,52.4901966838546,55.4648260561427,61.4760397135217,64.3776824034335,67.2474400122268,70.0963062294283,,,,,,,,,,,,,,,,,ITU estimate.,,ITU estimate.,,ITU estimate.
Mongolia,1.25565200358112,1.65323823906982,2.0395726034818,5.74773713038186,7.94455337309847,10.5224599417049,12.0104203957085,12.2537146944632,12.4942450749958,,,,,,,,,,,,,,,,,,Communications Regulatory Commission.,,ITU estimate.,,
Montenegro,,,,,25.3500686036232,28.8175671889584,32.1847145135361,37.040556188108,40.9741236358027,44.8564832837509,,,,,,,,,,,Agency for Telecommunications and Postal Services.,,ITU estimate.,,ITU estimate.,,ITU estimate.,,CEMI and Agency for Telecommunications (survey).,,ITU estimate.
Montserrat,,,,,,,25.9112109172569,20.4255319148936,20.3217612193057,20.2565833896016,,,,,,,,,,,,,,,,,ITU estimate.,,ITU estimate.,,ITU estimate.
Morocco,0.693791244805455,1.37143810096418,2.37325319241544,3.35336668122363,11.6079347729582,15.0844445240204,19.7711915653115,21.5,33.1,41.3,,,Agence nationale de réglementation des télécommunications.,,Agence nationale de réglementation des télécommunications.,,Agence nationale de réglementation des télécommunications.,,Agence nationale de réglementation des télécommunications.,Using Internet at least once during the last month.,Agence nationale de réglementation des télécommunications.,Using Internet at least once during the last month.,Agence nationale de réglementation des télécommunications.,Using Internet at least once during the last month.,Agence nationale de réglementation des télécommunications.,Using Internet at least once during the last month.,Agence Nationale de Réglementation des Télécommunications,Using Internet at least once during the last month.,Agence Nationale de Réglementation des Télécommunications,,Agence Nationale de Réglementation des Télécommunications
Mozambique,0.109592530041641,0.160031946644069,0.259612611253739,0.419538843913707,0.679447835392438,0.854357118107528,0.842954488044236,0.91,1.56,2.68,,,Telecomunicaçoes de Moçambique (TDM).,,Telecomunicaçoes de Moçambique (TDM).,,Telecomunicaçoes de Moçambique (TDM).,,Instituto Nacional das Comunicações de Moçambique (INCM).,,Instituto Nacional das Comunicações de Moçambique (INCM).,,ITU estimate.,,Instituto Nacional das Comunicações de Moçambique (INCM).,,INCM,,INCM,,INCM
Myanmar,,0.000289277380848561,0.00042649350636189,0.0240641491408465,0.024337392002823,0.0652388555011476,0.18204833106115,0.217128445069958,0.219629478180092,0.21991302439885,,,,,,,,,,,,,,,"Ministry of Communications, Posts and Telegraphs.",,"Ministry of Communications, Posts and Telegraphs.",,"Ministry of Communications, Posts and Telegraphs.",,"Ministry of Communications, Posts and Telegraphs"
Namibia,1.64473954726899,2.41697944170998,2.63369976876116,3.35983988553801,3.8047156152631,4.01004664442375,4.39887064732726,4.83561077833704,5.32900377208954,5.87249906385456,,,Telecom Namibia.,,Telecom Namibia.,,Namibian Communications Commission (NCC).,,Namibian Communications Commission (NCC).,,Namibian Communications Commission (NCC).,,ITU estimate.,,Namibian Communications Commission (NCC).,,Namibian Communications Commission (NCC).,,Namibian Communications Commission (NCC).,,ITU estimate.
Nauru,,2.98715523250025,,,,,,,,,,,,,,,,,,,,,,,,,,,,,
Nepal,0.204651683653029,0.240015303375743,0.312956060108532,0.382810917017044,0.449843651215974,0.82655126590551,1.14138916388191,1.41,1.73,1.97,,,Nepal Telecom.,Data as at 31st December 2001.,Nepal Telecom.,,Nepal Telecom.,,Nepal Telecommunications Authority (NTA).,,Nepal Telecommunications Authority (NTA).,,Nepal Telecommunications Authority (NTA).,,Nepal Telecommunications Authority (NTA).,,Nepal Telecommunications Authority,,Nepal Telecommunications Authority,,Nepal Telecommunications Authority
Neth. Antilles,,,,,,,,,,,,,,,,,,,,,,,,,,,,,,,
Netherlands,43.984351373138,49.3730621073123,61.29,65.63,69.89,81.0,83.7,85.82,87.42,89.63,,,"KPN, Libertel.",,Independent Post and Telecommunications Authority (OPTA).,Population age 16-74 using Internet in the last 3 months.,Eurostat.,Population age 16-74.,Eurostat.,Population age 16-74.,ITU estimate.,Population age 16-74.,Eurostat.,Population age 16-74.,Eurostat.,Population age 16-74.,Eurostat.,Population age 16-74.,Eurostat.,Population age 16-74.,Eurostat.
New Caledonia,13.9395488232698,18.2371097828416,22.389797417113,26.4083344703588,30.2980462088488,32.3590147531561,33.5157146807209,35.05,34.51,33.99,,,Office des Postes et des Télécommunications (OPT).,,Office des Postes et des Télécommunications (OPT).,,Office des Postes et des Télécommunications (OPT).,,Office des Postes et des Télécommunications (OPT).,,Office des Postes et des Télécommunications (OPT).,,Office des Postes et des Télécommunications (OPT).,,Office des Postes et des Télécommunications (OPT).,,Office des Postes et Télécommunications de Nouvelle-Calédonie,,Office des Postes et Télécommunications de Nouvelle-Calédonie,,Office des Postes et Télécommunications de Nouvelle-Calédonie
New Zealand,47.3795565432096,53.2410152941279,59.0807532812931,60.9625398663824,61.8476278106481,62.7202123689541,69.0,69.76,72.03,79.7,,,ITU estimate.,,ITU estimate.,,ITU estimate.,,ITU estimate.,,ITU estimate.,,ITU estimate.,Population age 15+.,Statistics New Zealand.,Estimated based on survey's results. Population age 15+.,ITU estimate.,Estimated based on survey's results. Population age 15+.,ITU estimate.,Population age 15+.,Statistics New Zealand.
Nicaragua,0.980216486692385,1.44879942820716,1.71472958428668,1.88041253242301,2.32066460863941,2.56635117656203,2.8055730627337,3.04,3.26,3.48,,,,,,,,,,,,,,,,,TELCOR,,TELCOR,,TELCOR
Niger,0.0362612938065891,0.10518543139701,0.127152468779619,0.155698703668983,0.189933733703092,0.221341351487395,0.294033977096223,0.390390619762082,0.7,0.758006715717135,,,,,,,,,,,,,,,,,ITU estimate.,,Institut National de la Statistique (INS).,,ITU estimate.
Nigeria,0.0640808079494101,0.089901370457273,0.320461975542327,0.558576244860521,1.28613764134527,3.54915571796492,5.54503608300536,6.77,15.86,28.43,,,Nigerian Telecommunications Plc (NITEL).,,Nigerian Telecommunications Plc (NITEL).,,Nigerian Communications Commission (NCC).,,Nigerian Communications Commission (NCC).,,Nigerian Communications Commission (NCC).,,NCC estimate.,,Nigerian Communications Commission (NCC).,,Nigerian Communications Commission,,Nigerian Communications Commission,,Nigerian Communications Commission
Niue,26.5111346765642,32.6619488296135,39.1498881431767,43.1282346175963,47.3372781065089,51.7031630170316,56.25,61.014771997431,65.9195781147001,74.4752877454299,,,,,,,,,,,,,,,ITU estimate.,,ITU estimate.,,ITU estimate.,,ITU estimate.
Northern Marianas,,,,,,,,,,,,,,,,,,,,,,,,,,,,,,,
Norway,26.7620525691459,29.2507926246501,72.84,78.13,77.69,81.99,82.55,86.93,90.57,92.08,,,ITU estimate.,,ITU estimate.,,ITU estimate.,Population age 16-74.,Eurostat.,Population age 16-74.,Eurostat.,Population age 16-74.,Eurostat.,Population age 16-74.,Eurostat.,Population age 16-74.,Eurostat.,Population age 16-74.,Eurostat.,Population age 16-74.,Eurostat.
Oman,3.52042141651097,5.89384152148671,6.87339603918545,7.25574294536556,6.75885217024525,6.68358142020519,8.299716672503,16.68,20.0,51.5,,"Based on the number of Internet subscribers, a multiplier of 3.54 was used to estimate the proportion of Internet users. ",,"Based on the number of Internet subscribers, a multiplier of 3.54 was used to estimate the proportion of Internet users. ",,"Based on the number of Internet subscribers, a multiplier of 3.54 was used to estimate the proportion of Internet users. ",,"Based on the number of Internet subscribers, a multiplier of 3.54 was used to estimate the proportion of Internet users. ",,"Based on the number of Internet subscribers, a multiplier of 3.54 was used to estimate the proportion of Internet users. ",,"Based on the number of Internet subscribers, a multiplier of 3.54 was used to estimate the proportion of Internet users. ",,"Based on the number of Internet subscribers, a multiplier of 3.54 was used to estimate the proportion of Internet users. ",,Excludes mobile Internet users. ,Telecommunications Regulatory Authority,Excludes mobile Internet users. ,Telecommunications Regulatory Authority,Estimated based on actual fixed internet subscribers multiplied by a factor of 5.8 and the number of mobile internet users. ,Telecommunications Regulatory Authority
Pakistan,,1.31855077925626,2.57742673683831,5.04115812592502,6.16432098534156,6.33232909830782,7.08091013770364,10.1052361603507,10.4548052192083,11.3,,,,,,,,,,,,,,,,,Pakistan Telecommunication Authority.,,Pakistan Telecommunication Authority.,,PAKISTAN TELECOMMUNICATION AUTHORITY
Palau,,,20.243939470621,21.6015271777354,26.9703326341025,,,,,,,,,,,,,,,,,,,,,,,,,,
Palestinian Authority,1.11130620708969,1.83685483917877,3.10009223512517,4.13061635632919,4.40090482603223,16.005,18.41,21.176,24.358,32.23,,,,,,,,,,,,Population age 10+.,ITU estimate. ,Population age 10+.,Palestinian Central Bureau of Statistics,Population age 10+.,ITU estimate. ,Population age 10+.,ITU estimate.,Population age 10+.,Palestinian Central Bureau of Statistics
Panama,6.55479647729549,7.26839987788729,8.51807781515595,9.98742407723405,11.1408625409415,11.4840092783071,17.3495661695931,22.29,27.55,27.79,,,,,,,,,,,,,,,,,Autoridad Nacional de los Servicios Públicos,,Autoridad Nacional de los Servicios Públicos,,Autoridad Nacional de los Servicios Públicos
Papua New Guinea,0.835249302427624,0.904103545170821,1.3216569348661,1.37440466802801,1.5079127722725,1.71619047556782,1.754487260668,1.79055936140245,1.8245894445676,1.85675947344678,,,Telikom PNG.,,Telikom PNG.,,Telikom PNG.,,Telikom PNG.,,Telikom PNG.,,Telikom PNG.,,Telikom PNG.,,ITU estimate.,,ITU estimate.,,ITU estimate.
Paraguay,0.747630711548184,1.09879383569333,1.79496959770244,2.11194208210034,3.45243843137079,7.90700786141285,7.96207388394416,11.21,14.27,17.4,,,Comisión Nacional de Telecomunicaciones.,,Comisión Nacional de Telecomunicaciones.,,Comisión Nacional de Telecomunicaciones.,,Comisión Nacional de Telecomunicaciones.,,Comisión Nacional de Telecomunicaciones.,Population age 10+.,"Dirección General de Estadística, Encuestas y Censos",Estimated based on Survey's results. Population age 10+.,ITU estimate.,Population age 10+.,"Dirección General de Estadística, Encuestas y Censos",Population age 10+.,"Dirección General de Estadística, Encuestas y Censos",Estimated based on Survey's results (2006 and 2008). Population age 10+.,ITU estimate.
Peru,3.07643061137675,7.57876295717419,8.96694917040028,11.6,14.1,17.1,20.7,25.2,30.57,31.4,,,ITU estimate.,,Maximixe estimate.,,Maximixe estimate.,,Instituto Nacional de Estadística e Informática,Estimated based on Survey's results (2003 and 2008).,ITU estimate based on INEI.,Estimated based on Survey's results (2003 and 2008).,ITU estimate based on INEI.,Estimated based on Survey's results (2003 and 2008).,ITU estimate based on INEI.,Estimated based on Survey's results (2003 and 2008).,ITU estimate based on INEI.,Population age 6+.,Instituto Nacional de Estadística e Informática,Population age 6+.,Ministerio de Transportes y Comunicaciones
Philippines,1.98225319605827,2.52400566008269,4.33227574643007,4.85767226708512,5.2436284521711,5.3976363293955,5.74058632534702,5.97,6.22,9.0,,,National Telecommunications Commission (NTC).,,National Telecommunications Commission (NTC).,,National Telecommunications Commission (NTC).,,National Telecommunications Commission (NTC).,,National Telecommunications Commission (NTC).,,ITU estimate.,,National Telecommunications Commission (NTC).,,National Telecommunications Commission (NTC).,,National Telecommunications Commission (NTC).,,National Telecommunications Commission (NTC).
Poland,7.2854287080601,9.9006697073534,21.15,24.87,32.53,38.81,44.58,48.6,53.13,58.97,,,Office of Electronic Communications.,,Office of Electronic Communications.,,Office of Electronic Communications.,,Office of Electronic Communications.,Population age 16-74.,Eurostat.,Population age 16-74.,Eurostat.,Population age 16-74.,Eurostat.,Population age 16-74.,Eurostat.,Population age 16-74.,Eurostat.,Population age 16-74.,Eurostat.
Portugal,16.4304676923534,18.0871365595338,19.37,29.67,31.78,34.99,38.01,42.09,44.13,48.27,,,EuroBarometer. ITU estimate. UMIC.,,EuroBarometer. ITU estimate. UMIC.,Population age 16-74 using Internet in the last 3 months.,Eurostat.,Population age 16-74,Eurostat.,Population age 16-74,Eurostat.,Population age 16-74,Eurostat.,Population age 16-74,Eurostat.,Population age 16-74,Eurostat.,Population age 16-74,Eurostat.,Population age 16-74,Eurostat.
Puerto Rico,10.4746482089399,15.6300309162012,17.5476475654777,19.7070256578252,22.1307382347014,23.4000504486583,25.4424182102582,27.86,25.22,25.12,,,Puerto Rico Telephone Company (PRTC).,,Puerto Rico Telephone Company (PRTC).,,Puerto Rico Telephone Company (PRTC).,,Puerto Rico Telephone Company (PRTC).,,Puerto Rico Telephone Company (PRTC).,,ITU estimate.,,Puerto Rico Telephone Company (PRTC).,,Instituto de Estadísticas de Puerto Rico,,Instituto de Estadísticas de Puerto Rico,,Instituto de Estadísticas de Puerto Rico
Qatar,4.86367917875156,6.17026856093911,10.2261289281118,19.242336421002,20.701647851169,24.733493781051,28.9741127135829,37.0,39.0,40.0,,,,,,,,,,,,,,,,,ictQATAR,,ictQATAR,,ictQATAR
Romania,3.61371729139783,4.53866902895312,6.58,8.9,15.0,21.5,24.66,28.3,32.42,36.6,,,Rom-Telecom.,,Rom-Telecom.,,National Regulatory Authority for Communications.,,ITU estimate based on Eurostat.,,Eurostat.,Estimated based on Survey's results. Population age 16-74.,ITU estimate based on Eurostat.,Population age 16-74.,Eurostat.,Population age 16-74.,Eurostat.,Population age 16-74.,Eurostat.,Population age 16-74.,Eurostat.
Russia,1.97723010897647,2.94436778664985,4.12827181796644,8.29886061553908,12.8593889008473,15.2266731976522,18.0232774617216,24.66,26.83,29.0,,,,,,,,,,,,,,,,,Ministry of Telecom and Mass Communications of the Russian Federation,,ITU estimate.,Population less than 74.,State Committee on Statistics.
Rwanda,0.0628314595107164,0.240672409832383,0.292784718792575,0.356918467272361,0.43085424337006,0.556041164839515,,2.11538717825754,3.08619940098927,4.50107395624596,,,,,,,,,,,,,ITU estimate.,,,,ITU estimate.,,ITU estimate.,,ITU estimate.
S. Tomé & Principe,4.6385168164075,6.31091788794615,7.580665168911,10.1618443069961,13.3228526892178,13.759484215906,14.1820197774712,14.5904831987414,15.4831620612584,16.4050259592639,,,Companhia Santomense de Telecomuniçaôes s.a.r.l. (CST).,,Companhia Santomense de Telecomuniçaôes s.a.r.l. (CST).,,Companhia Santomense de Telecomuniçaôes s.a.r.l. (CST).,,ITU estimate.,,ITU estimate.,,ITU estimate.,,ITU estimate.,,Companhia Santomense de Telecomuniçaôes s.a.r.l. (CST).,,ITU estimate.,,ITU estimate.
Samoa,0.566392532680849,1.68990283058724,2.24483267578443,2.79963044878076,3.07552941044897,3.35259211246829,4.46917387320954,4.74998323535329,5.03161531623702,5.03226239334399,,,Samoa Communications Ltd.,,Samoa Communications Ltd.,,Samoa Communications Ltd.,,Samoa Communications Ltd.,,Samoa Communications Ltd.,,Samoa Communications Ltd.,,Samoa Communications Ltd.,,ITU estimate.,,ITU estimate.,,
San Marino,48.7994953055999,50.3416690898517,50.8348399446985,50.003453038674,50.5663430420712,50.2595641966736,50.2086593635889,50.3648221088655,54.5151359671626,54.2126411123158,,,,,,,,,,,,,,,Direzione Generale Poste e Telecomunicazioni.,,Direzione Generale Poste e Telecomunicazioni.,,Direzione Generale Poste e Telecomunicazioni.,,
Saudi Arabia,2.21069180908888,4.6810531658103,6.38470501955932,8.00158289090878,10.2345329969583,12.7050359882849,19.4595543513634,30.0,36.0,38.0,,,Saudi Telecommunications Company.,,Saudi Telecommunications Company.,,Saudi Telecommunications Company.,,Saudi Telecommunications Company.,,Saudi Telecommunications Company.,,Communication and Information Technology Commission.,,Communication and Information Technology Commission.,,CITC Market Studies Department.,,CITC Market Studies Department. ,,CITC
Senegal,0.403967485868965,0.983794058848003,1.00645453672323,2.10143642986685,4.38602398008563,4.78668408310535,5.61173865217952,7.7,10.6,14.5,,,Société Nationale des Télécommunications du Sénégal (SONATEL).,,Société Nationale des Télécommunications du Sénégal (SONATEL).,,Société Nationale des Télécommunications du Sénégal (SONATEL).,,Société Nationale des Télécommunications du Sénégal (SONATEL).,,Agence de Régulation des Télécommunications.,,Agence de Régulation des Télécommunications.,,Agence de Régulation des Télécommunications.,,ITU estimate.,,ITU estimate.,Population age 12+.,ARTP and ANSD.
Serbia,,,,,23.5,26.3,27.2,33.15,37.2,41.7,,,,,,,,,,Population age 16-74.,ITU estimate. ,Population age 16-74.,ITU estimate. ,Population age 16-74.,Statistical Office of the Republic of Serbia.,Population age 16-74.,Eurostat.,Estimated based on survey's results. Population age 16-74.,ITU estimate. ,Population age 16-74.,Eurostat.
Seychelles,7.39562918315276,11.0151029300174,14.3041708309972,14.5925043169492,24.2721392249906,25.4132681462836,34.95197117065,38.38,40.44,,,,ITU estimate.,Data at 31st December 2001.,Ministry of Information Technology and Communication.,,Ministry of Information Technology and Communication.,,Ministry of Information Technology and Communication.,,Ministry of Information Technology and Communication.,,Ministry of Information Technology and Communication.,,Ministry of Information Technology and Communication.,,MInistry of National Development,,MInistry of National Development,,
Sierra Leone,0.118254245682183,0.160264445493032,0.176198956814076,0.190173281668183,0.203007680592588,0.215391610340129,0.227669467190838,0.239834698546233,0.250006609886988,0.261565449907495,,,,,,,,,,,,,,,,,ITU estimate.,,ITU estimate.,,ITU estimate.
Singapore,36.0,41.6704251756041,47.0,53.8379432881911,,61.0,62.75,64.54,66.38,68.29,,,Infocomm Development Authority of Singapore,,Infocomm Development Authority of Singapore,,Infocomm Development Authority of Singapore,,Infocomm Development Authority of Singapore,,,Population age 7+.,Infocomm Development Authority of Singapore.,Estimated based on survey's results. Population age 7+.,ITU estimate.,Estimated based on survey's results. Population age 7+.,ITU estimate.,Estimated based on survey's results. Population age 7+.,ITU estimate.,Population age 7+.,Infocomm Development Authority of Singapore.
Slovak Republic,9.42680320061637,12.5283218484637,40.14,43.04,52.89,55.19,56.08,61.8,71.31,75.17,,,"Ministry of Transport, Posts and Telecommunications.",,"Ministry of Transport, Posts and Telecommunications.",,"Ministry of Transport, Posts and Telecommunications.",,"Ministry of Transport, Posts and Telecommunications.",Population age 16-74.,Eurostat.,Population age 16-74.,Eurostat.,Population age 16-74.,Eurostat.,Population age 16-74.,Eurostat.,Population age 16-74.,Eurostat.,Population age 16-74.,Eurostat.
Slovenia,15.1102595640388,30.1759104700854,27.8388854180687,31.8547930120441,40.81,46.81,54.01,56.74,57.68,64.28,,,Ministry of Transport and Communications.,,"Telecommunications, Broadcasting and Post Agency.",,"Telecommunications, Broadcasting and Post Agency.",,"Telecommunications, Broadcasting and Post Agency.",Population age 16-74.,Eurostat.,Population age 16-74.,Eurostat.,Population age 16-74.,Eurostat.,Population age 16-74.,Eurostat.,Population age 16-74.,Eurostat.,Population age 16-74.,Eurostat.
Solomon Islands,0.481296806114395,0.468551963584141,0.501919843401009,0.555609881855115,0.64967267325146,0.844307572805697,1.64634798857435,1.80635838150289,1.95820409186327,1.91142458474301,,,,,,,,,,,,,,,,,ITU estimate.,,ITU estimate.,,
Somalia,0.202861812156454,0.0790391786670095,0.115614213354469,0.376198002539086,1.05345474358422,1.07732783912096,1.10021636808277,1.12223562161375,1.14268737216185,1.16061054246061,,,Ministry of Posts and Telecommunications.,,ITU estimate.,,ITU estimate.,,ITU estimate.,,Ministry of Posts and Telecommunications.,,Ministry of Posts and Telecommunications.,,Ministry of Posts and Telecommunications.,,Ministry of Posts and Telecommunications.,,ITU estimate.,,ITU estimate.
South Africa,5.34855973203537,6.34661931839768,6.71032243705404,7.00769172611251,8.4251186825406,7.48854252992921,7.60713967477381,8.06537517355504,8.43003817295241,8.82122506127542,,,"Media Africa, Internet Solutions, W2003-2004.",,"Media Africa, Internet Solutions, W2003-2004.",,"Media Africa, Internet Solutions, W2003-2004.",,"Media Africa, Internet Solutions, W2003-2004.",,"Media Africa, Internet Solutions, W2003-2004.",,"Media Africa, Internet Solutions, W2003-2004.",,"Media Africa, Internet Solutions, W2003-2004.",,World Wide Worx.,,Independent Communications Authority of South Africa (ICASA).,,ITU estimate.
Spain,13.6249608089899,18.1487226902932,20.39,39.93,44.01,47.88,50.37,55.11,59.59,62.62,,At November of year indicated. Population age 14+.,red.es. Spanish Internet Users Association.,At November of year indicated. Population age 14+.,red.es. Spanish Internet Users Association.,Population age 16-74 using Internet in the last 3 months.,Eurostat.,Population age 16-74.,ITU estimate.,Population age 16-74.,Eurostat.,Population age 16-74.,Eurostat.,Population age 16-74.,Eurostat.,Population age 16-74.,Eurostat.,Population age 16-74.,Eurostat.,Population age 16-74.,Eurostat.
Sri Lanka,0.647410010940963,0.793821864362622,1.05042270585318,1.45858022842408,1.44615998041486,1.79204679392588,2.53756612897332,3.88,5.8,8.78,,,Telecommunications Regulatory Commission of Sri Lanka.,,Telecommunications Regulatory Commission of Sri Lanka.,,Telecommunications Regulatory Commission of Sri Lanka.,,Telecommunications Regulatory Commission of Sri Lanka.,,Telecommunications Regulatory Commission of Sri Lanka.,,ITU estimate.,,Telecommunications Regulatory Commission of Sri Lanka.,,Telecommunications Regulatory Commission of Sri Lanka,,Telecommunications Regulatory Commission of Sri Lanka,,Telecommunications Regulatory Commission of Sri Lanka
St. Helena,5.92183181997631,7.98881565807869,10.1255569056298,12.3380629241209,14.6229371213704,15.9100551548579,17.2265288544358,18.57,18.82,19.07,,,Cable & Wireless plc. (C&W).,Data at 31st December.,Cable & Wireless plc. (C&W).,,Cable & Wireless plc. (C&W).,,Cable & Wireless plc. (C&W).,,Cable & Wireless plc. (C&W).,,Cable & Wireless plc. (C&W).,,Cable & Wireless plc. (C&W).,,Cable & Wireless South Atlantic Ltd,,Cable & Wireless South Atlantic Ltd,,Cable & Wireless South Atlantic Ltd
St. Kitts and Nevis,5.86281024037522,7.71472655580319,21.152381758186,22.9697842928439,24.7376775443732,26.4561032195043,28.1271346486117,29.7518694091279,31.3326152942328,32.8724741370976,,,,,,,,,,,,,,,,,ITU estimate.,,ITU estimate.,,ITU estimate.
St. Lucia,5.09048334139327,8.18186395448366,14.6418357746777,20.9824734633424,21.395212362765,21.5675829464215,24.5,27.9,32.0,36.0,,,,,,,,,,,,,,,ITU estimate.,,ITU estimate.,,ITU estimate.,,ITU estimate.
St. Vincent and the G.,3.24503741064558,5.09480977832946,5.54959487957379,6.46227416659743,7.37116584201749,9.19827808234299,32.1478433389669,52.29,60.49,69.59,,"Estimation based on GPRS subscribers, fixed and mobile.",Cable and Wireless (W.I.) Ltd.  (C&W).,"Estimation based on GPRS subscribers, fixed and mobile.",Cable and Wireless (W.I.) Ltd.  (C&W).,"Estimation based on GPRS subscribers, fixed and mobile.",National Telecommunications Regulatory Commission.,"Estimation based on GPRS subscribers, fixed and mobile.",National Telecommunications Regulatory Commission.,"Estimation based on GPRS subscribers, fixed and mobile.",National Telecommunications Regulatory Commission.,"Estimation based on GPRS subscribers, fixed and mobile.",National Telecommunications Regulatory Commission.,"Estimation based on GPRS subscribers, fixed and mobile.",National Telecommunications Regulatory Commission.,"Estimation based on GPRS subscribers, fixed and mobile.",NTRC SVG,"Estimation based on GPRS subscribers, fixed and mobile.",NTRC SVG,,NTRC SVG
Sudan,0.0257850324762484,0.140185224494161,0.439477639075583,0.538471703150458,0.791561615446385,1.29204067798853,8.09203373417138,8.66,10.16,,,,,,,,,,,,,,,,NTC.  ,,NTC,,NTC,,
Suriname,2.50641105226881,3.06444838873752,4.1615687449541,4.71987539528956,6.0760478144456,6.40308628759062,9.49962694173364,14.11,21.06,31.36,,,Telecommunicatiebedrijf Suriname (TELESUR).,,Telecommunicatiebedrijf Suriname (TELESUR).,,Telecommunicatiebedrijf Suriname (TELESUR).,,Telecommunicatiebedrijf Suriname (TELESUR).,,Telecommunicatiebedrijf Suriname (TELESUR).,,Telecommunicatiebedrijf Suriname (TELESUR).,,ITU estimate.,,Telecommunications Authority Suriname (TAS),,Telecommunications Authority Suriname (TAS),,Telecommunications Authority Suriname (TAS)
Swaziland,0.926191777269402,1.28159005046719,1.81620380712642,2.43707385055863,3.22868507316111,3.69696107291824,3.69653878906882,4.1,6.85,7.6,,,Swaziland Posts and Telecommunications Corporation (STPC).,,Swaziland Posts and Telecommunications Corporation (STPC).,,Swaziland Posts and Telecommunications Corporation (STPC).,,Swaziland Posts and Telecommunications Corporation (STPC).,,Swaziland Posts and Telecommunications Corporation (STPC).,,ITU estimate.,,Swaziland Posts and Telecommunications Corporation (STPC).,,Swaziland Posts and Telecommunications Corporation,,Swaziland Posts and Telecommunications Corporation,,Swaziland Posts and Telecommunications Corporation
Sweden,45.6876522122282,51.7656649372808,70.57,79.13,83.89,84.83,87.76,82.01,89.12,90.8,,,Swedish Institute for Transport and Communications Analysis.,,Swedish Institute for Transport and Communications Analysis.,Population age 16-74 using Internet in the last 3 months.,Eurostat.,Population age 16-74.,Eurostat.,Population age 16-74.,Eurostat.,Population age 16-74.,Eurostat.,Population age 16-74.,Eurostat.,Population age 16-74.,Eurostat.,Population age 16-74.,Eurostat.,Population age 16-74.,Eurostat.
Switzerland,52.1,56.8,63.2,66.7,68.0,64.84,64.1,75.59,77.22,81.3,,"Use of the Internet within the last 6 months (""cercle large des utilisateurs"")",Office fédéral de la statistique.,"Use of the Internet within the last 6 months (""cercle large des utilisateurs"")",Office fédéral de la statistique.,"Use of the Internet within the last 6 months (""cercle large des utilisateurs"")",Office fédéral de la statistique.,"Use of the Internet within the last 6 months (""cercle large des utilisateurs"")",Office fédéral de la statistique.,"Use of the Internet within the last 6 months (""cercle large des utilisateurs"")",Office fédéral de la statistique.,Population age 16-74.,Eurostat.,Population age 16-74.,Eurostat.,Population age 16-74.,Eurostat.,Population age 16-74.,Eurostat.,Population age 16-74.,Eurostat.
Syria,0.181698580104333,0.353759130007247,2.09310101861765,3.39797261356623,4.32159377785571,5.64810604883917,7.83255156888787,16.6,18.4,20.4,,,,,,,,,,,,,,,,,Syrian telecom,,Syrian telecom,,Syrian telecom
"Taiwan, Province of China",28.1011454493741,34.9020386361105,47.6004912086511,51.936451018618,53.8143344638898,58.0149319279754,63.6842105263158,64.45,65.84,69.9,,,Directorate General of Telecommunications (DGT).,,Directorate General of Telecommunications (DGT).,,Directorate General of Telecommunications (DGT).,,Directorate General of Telecommunications (DGT).,,Directorate General of Telecommunications (DGT).,,Directorate General of Telecommunications (DGT).,,Directorate General of Telecommunications (DGT).,,National Communications Commission,,National Communications Commission,,National Communications Commission
Tajikistan,0.048599594582182,0.0512591325352927,0.0554628269910006,0.0645837771508553,0.0774799071356825,0.298690023682825,3.77240620666448,7.19761951797855,8.77695604339503,10.0687219037709,,,Ministry of Communications.,,Ministry of Communications.,,Ministry of Communications.,,Tajiktelecom.,,Tajiktelecom.,,RCC.,,Tajiktelecom.,,Tajiktelecom.,,Tajiktelecom.,,
Tanzania,0.11719444010825,0.171300350668948,0.222484413923909,0.676962856510303,0.87757497099259,0.98525767919843,0.972150553815475,0.97,1.22,1.55,,,Tanzania Telecommunications Company Ltd (TTCL).,,Tanzania Telecommunications Company Ltd (TTCL).,,Tanzania Telecommunications Company Ltd (TTCL).,,Tanzania Telecommunications Company Ltd (TTCL).,,Tanzania Telecommunications Company Ltd (TTCL).,,ITU estimate.,,Tanzania Communications Regulatory Authority.,,TCRA,,TCRA,,TCRA
TFYR Macedonia,2.48556631640066,3.46818460849398,17.33,19.07,24.44,26.45,28.62,36.3,46.04,51.77,,,Makedonski Telekomunikacii A.D.,,Makedonski Telekomunikacii A.D.,,Makedonski Telekomunikacii A.D.,,Makedonski Telekomunikacii A.D.,Population age 16-74.,Eurostat.,Population age 16-74.,ITU estimate.,Population age 16-74.,Eurostat.,Population age 16-74.,ITU estimate.,Population age 16-74.,Eurostat.,Population age 16-74.,Eurostat.
Thailand,3.68904127944164,5.55632612097332,7.53125033488567,9.29902723805965,10.6773033237281,15.0260043588909,17.1607147169285,20.03,23.89,25.8,,,NECTEC.,,NECTEC.,,NECTEC.,,NECTEC.,,NECTEC.,,NECTEC.,,NECTEC.,,Ministry of Information and Communication Technology,,Ministry of Information and Communication Technology,,Ministry of Information and Communication Technology
Timor-Leste,,,0.0,,,0.0990317678179026,0.116628276525644,0.140958763923202,0.163876815618553,0.185251509799805,,,,,,,Communication Regulatory Authority.,,,,,,Communication Regulatory Authority.,,Communication Regulatory Authority.,,ITU estimate.,,ITU estimate.,,ITU estimate.
Togo,1.90567445058453,2.77578178506085,3.6015458555121,3.68543318493907,3.782114602522,5.00660872351504,5.20757135308489,5.41703469330584,5.41912688575939,5.38360529615495,,,,,,,,,,,,,,,,,ITU estimate.,,ITU estimate. ,,Autorité de réglementation des secteurs de postes et de télécommunications (ART&P).
Tokelau,,,,1.49588631264024,11.8670886075949,,,,,,,,,,,,,,,,,,,,,,,,,,
Tonga,2.4343980443669,2.82537183911525,2.90729731626382,2.98581736750435,3.95237389457043,4.90778276190383,5.85394409483389,7.17986532901248,8.11076994380395,8.07948676022199,,,,,,,,,ITU estimate. ,,ITU estimate. ,,ITU estimate. ,,ITU estimate. ,,ITU estimate. ,,Prime Minister's Office.,,ITU estimate.
Trinidad & Tobago,7.72141147401745,15.384627218944,21.9986754804449,25.9717641091609,27.0242700782714,28.9767124326784,30.0037485791676,32.3,34.8,44.3,,,Telecommunications Services of Trinidad and Tobago (TSTT).,,ITU estimate.,,ITU estimate.,,ITU estimate.,,ITU estimate.,,ITU estimate.,,ITU estimate.,,Telecommunications Authority of Trinidad and Tobago,,Telecommunications Authority of Trinidad and Tobago,,Telecommunications Authority of Trinidad and Tobago
Tunisia,2.75074029298135,4.29796603474685,5.25288729548421,6.49084579532797,8.52881775162591,9.65508654217982,12.9864086534204,17.1,27.53,34.07,,,,,,,,,,,,,,,,,Ministère des Technologies de la Communication,,Ministère des Technologies de la Communication,,Ministère des Technologies de la Communication
Turkey,3.761685035075,5.18948146078506,11.38,12.33,14.58,15.46,18.24,28.63,34.37,36.4,,Population age 16-74.,Türk Telekomünikasyon A.S.,Population age 16-74.,Türk Telekomünikasyon A.S.,Population age 16-74.,ITU estimate.,Population age 16-74.,ITU estimate.,Population age 16-74.,Eurostat.,Population age 16-74.,Eurostat.,Estimated based on % of Internet users as reported in surveys in 2005 and 2007.,Telecommunications Authority.,Population age 16-74.,Eurostat.,Population age 16-74.,Turkish Statistical Institution.,Population age 16-74.,Turkish Statistical Institution.
Turkmenistan,0.13328218259348,0.175209517731422,0.302132016152841,0.425182631884743,0.754053982724623,0.997256558542959,1.3195731180963,1.40636068812023,1.4870277645928,1.57342215992897,,,Ministry of Communications.,,Ministry of Communications.,,ITU estimate.,,ITU estimate.,,Ministry of Communications.,,ITU estimate.,,Ministry of Communications.,,Ministry of Communications.,,ITU estimate.,,ITU estimate.
Turks & Caicos Is.,,,,,,,,,,,,,,,,,,,,,,,,,,,,,,,
Tuvalu,5.24163958486214,10.4264414555312,,,,,,,,,,,,,,,,,,,,,,,,,,,,,
Uganda,0.163714063074854,0.237945087191408,0.384093504951945,0.464849840113968,0.719970679914031,1.7422055032439,2.52936303826279,3.67196535074744,7.89718122751574,9.78298137274489,,,,,,,,,,,,,,,,,Uganda Communications Commission (UCC).,,Uganda Communications Commission (UCC).,,Uganda Communications Commission (UCC).
Ukraine,0.716183762031043,1.23875954748114,1.87388511643427,3.14812758815439,3.4894778812677,3.749764414659,4.50612456357379,6.55,10.55,17.0,,,State Department of Communications & Information Technology.,,RCC.,,RCC.,,State Department of Communications & Information Technology.,,State Department of Communications & Information Technology.,Population age 15-59 who used internet in the last 4 weeks.,Estimate.,,State Department of Communications & Information Technology.,,State Statistics Committee of Ukraine,,State Statistics Committee of Ukraine,,ITU estimate.
United Arab Emirates,23.6253008751553,26.2717542010006,28.3164853110439,29.4779534120864,30.1312961695367,40.0,52.0,61.0,72.0,75.0,,,Emirates Telecommunications Corporation (ETISALAT).,,Emirates Telecommunications Corporation (ETISALAT).,,Emirates Telecommunications Corporation (ETISALAT).,,Emirates Telecommunications Corporation (ETISALAT).,,Emirates Telecommunications Corporation (ETISALAT).,,ITU estimate. ,,ITU estimate. ,,ITU estimate. ,,TRA,,ITU estimate. 
United Kingdom,26.8217543508578,33.4810948744147,56.48,64.82,65.61,70.0,68.82,75.09,78.39,83.56,,Population age 16+ using internet in the last 3 months.,ONS.,Population age 16+ using internet in the last 3 months.,ONS.,Population age 16-74 using Internet in the last 3 months.,Eurostat.,Population age 16-74.,Eurostat.,Population age 16-74.,Eurostat.,Population age 16-74.,Eurostat.,Population age 16-74.,Eurostat.,Population age 16-74.,Eurostat.,Population age 16-74.,v,Population age 16-74.,Eurostat.83.56 Eurostat.
United States,43.0791626375201,49.0808315896951,58.7854038836952,61.6971171244207,64.7582564759896,67.968052915002,68.9311932699721,75.0,74.0,78.0,,,ITU estimate.,,ITU estimate.,,ITU estimate.,,ITU estimate.,,ITU estimate.,,ITU estimate.,,ITU estimate.,,Federal Communications Commission,"Pew Internet Project, ""Usage over Time""   http://www.pewinternet.org/Trend-Data/Usage-Over-Time.aspx",Federal Communications Commission,"Broadband Adoption and Use in America, February 2010 survey. Data refer to adult Internet users. November.",Federal Communications Commission
Uruguay,10.5390577480141,11.1214376832783,11.4194701966853,15.9371367159756,17.0630983403661,20.0881895579305,29.4,34.0,39.3,41.8,,,Administración Nacional de Telecomunicaciones (ANTEL).,,Administración Nacional de Telecomunicaciones (ANTEL).,,Administración Nacional de Telecomunicaciones (ANTEL).,,Administración Nacional de Telecomunicaciones (ANTEL).,,Administración Nacional de Telecomunicaciones (ANTEL).,,Administración Nacional de Telecomunicaciones (ANTEL).,,,Estimated based on Survey's results. Population age 6+.,ITU estimate.,Population age 6+.,Instituto Nacional de Estadística (INE).,Population age 6+.,Instituto Nacional de Estadística (INE).
Uzbekistan,0.484347307694947,0.597567993875805,1.08193974248733,1.91259517784997,2.59372542084924,3.34350988825952,6.38832196706805,7.49060468138629,9.0801145234501,17.0582162104349,,,Communication and Information Agency of Uzbekistan.,,Communication and Information Agency of Uzbekistan.,,Communication and Information Agency of Uzbekistan.,,Communication and Information Agency of Uzbekistan.,,Communication and Information Agency of Uzbekistan.,,Communication and Information Agency of Uzbekistan.,,Communication and Information Agency of Uzbekistan.,,Communication and Information Agency of Uzbekistan.,,Communication and Information Agency of Uzbekistan.,,Communication and Information Agency of Uzbekistan.
Vanuatu,2.10833689115184,2.83057223877678,3.51003871071264,3.90329584542948,4.74660261917533,5.08233380768449,5.85058505850585,7.45584604116504,7.26911992337492,7.08959580963184,,,,,,,,,,,,,,,,,ITU estimate.,,ITU estimate.,,ITU estimate. 
Venezuela,3.3595974645036,4.63600094778677,4.91044632720325,7.49996346522407,8.40446959241215,12.5529979098299,15.2247114771787,20.83,25.88,31.2,,,Comisión Nacional de Telecomunicaciones (CONATEL).,,Comisión Nacional de Telecomunicaciones (CONATEL).,,Comisión Nacional de Telecomunicaciones (CONATEL).,,Comisión Nacional de Telecomunicaciones (CONATEL).,,Comisión Nacional de Telecomunicaciones (CONATEL).,,Comisión Nacional de Telecomunicaciones (CONATEL).,,Comisión Nacional de Telecomunicaciones (CONATEL).,,Comisión Nacional de Telecomunicaciones CONATEL,,Comisión Nacional de Telecomunicaciones CONATEL,,Comisión Nacional de Telecomunicaciones CONATEL
Viet Nam,0.25424827575493403,1.26565123612317,1.85499923592581,3.78028081370641,7.64240852842363,12.7399292907031,17.2545617186662,20.7554447679753,23.9207542176834,26.55,,,Vietnam Post & Telecommunications Corp. (VNPT).,,Vietnam Post & Telecommunications Corp. (VNPT).,,Vietnam Post & Telecommunications Corp. (VNPT).,,Vietnam Post & Telecommunications Corp. (VNPT).,,Ministry of Posts and Telematics (MPT).,,Ministry of Posts and Telematics (MPT).,,Ministry of Posts and Telematics (MPT).,,Business Monitor International Report.,,Ministry of Posts and Telematics (MPT).,,VNNIC
Wallis and Futuna,4.768067570329,5.09268690160929,5.41785182175267,5.74169143474737,6.05978992728252,6.70421024403325,7.33333333333333,7.95,8.22,8.48,,,,,,,,,,,,,,,,,Service des Postes et Télécommunications,,Service des Postes et Télécommunications,,Service des Postes et Télécommunications
Yemen,0.0825003865143108,0.0908024587169292,0.518796032123435,0.604734100431821,0.881222988679516,1.04859793417826,1.24782404904485,5.01,6.89,9.96,,,Ministry of Communications.,,Ministry of Communications.,,Ministry of Communications.,,Ministry of Telecommunications and Information Technology.,,,,ITU estimate.,,Ministry of Telecommunications and Information Technology.,,Ministry of Telecommunications and Information Technology.,,Ministry of Telecommunications and Information Technology,,Ministry of Telecommunications and Information Technology
Zambia,0.191071642503428,0.233129556342332,0.477750906947484,0.980483039426114,2.01354953218533,2.85175226129009,4.15991339393107,4.87,5.55,6.31,,,Zambia Telecommunications Company Limited (Zamtel).,,Zambia Telecommunications Company Limited (Zamtel).,,Communications Authority.,,Communications Authority.,,Communications Authority.,,ITU estimate.,,Communications Authority.,,Communications Authority,,Communications Authority,,Communications Authority
Zimbabwe,0.401433535211582,0.799846045633137,3.99435613455612,6.39478645849612,6.5640450271075,8.01597808880485,9.79184150186944,10.85,11.4,11.36,,,"PTC, ZISPA, ITU estimate.",,"PTC, ZISPA, ITU estimate.",,"PTC, ZISPA, ITU estimate.",,"PTC, ZISPA, ITU estimate.",,"PTC, ZISPA, ITU estimate.",,"PTC, ZISPA, ITU estimate.",,"PTC, ZISPA, ITU estimate.",,Postal and Telecommunications Regulatory Authority,,Postal and Telecommunications Regulatory Authority,,Postal and Telecommunications Regulatory Authority
source: ITU World Telecommunication / ICT Indicators Database,,,,,,,,,,,,,,,,,,,,,,,,,,,,,,,
